MSISDN,ICCID,Provider
255768741101,8925504500162051593,Voda
255300033383241,8925504500390455723,Voda
255300033373309,8925504500390455582,Voda
255300033376913,8925504500390455608,Voda
255300033377530,8925504500390455624,Voda
255300033378097,8925504500390455632,Voda
255300033379909,8925504500390455657,Voda
255300033380314,8925504500390455665,Voda
255300033381510,8925504500390455699,Voda
255300033382004,8925504500390455707,Voda
255300033380764,8925504500390455681,Voda
255300033380542,8925504500390455673,Voda
255300033378103,8925504500390455640,Voda
255300033375185,8925504500390455590,Voda
255300033373073,8925504500390455566,Voda
255300033372832,8925504500390455558,Voda
255300033384819,8925504500390455764,Voda
255300033385908,8925504500390455780,Voda
255300033386454,8925504500390455814,Voda
255300033386364,8925504500390455806,Voda
255300033386211,8925504500390455798,Voda
255300033390264,8925504500390455889,Voda
255300033384769,8925504500390455756,Voda
255300033390751,8925504500390455897,Voda
255300033389758,8925504500390455871,Voda
255300033388842,8925504500390455855,Voda
255300033392164,8925504500390455954,Voda
255300033393521,8925504500390455988,Voda
255300033392108,8925504500390455947,Voda
255300033314468,8925504500390453983,Voda
255300033311767,8925504500390453900,Voda
255300033390973,8925504500390455905,Voda
255300033393834,8925504500390455996,Voda
255300033393214,8925504500390455970,Voda
255300033314623,8925504500390453991,Voda
255300033392463,8925504500390455962,Voda
255300031008196,8925504500390443778,Voda
255300033314210,8925504500390453975,Voda
255300033313731,8925504500390453959,Voda
255300033346900,8925504500390454940,Voda
255300033354754,8925504500390455137,Voda
255300033354353,8925504500390455111,Voda
255300033351934,8925504500390455046,Voda
255300033348639,8925504500390454973,Voda
255300033349026,8925504500390454981,Voda
255300033350716,8925504500390455012,Voda
255300033351661,8925504500390455020,Voda
255300033354319,8925504500390455103,Voda
255300033354677,8925504500390455129,Voda
255300033353487,8925504500390455095,Voda
255300033353132,8925504500390455079,Voda
255300033352739,8925504500390455061,Voda
255300033351876,8925504500390455038,Voda
255300033350661,8925504500390455004,Voda
255300033349768,8925504500390454999,Voda
255300033346918,8925504500390454957,Voda
255300033348509,8925504500390454965,Voda
255300033363610,8925504500390455327,Voda
255300033358119,8925504500390455194,Voda
255300033358296,8925504500390455202,Voda
255300033355761,8925504500390455152,Voda
255300033355311,8925504500390455145,Voda
255300033361142,8925504500390455269,Voda
255300033362326,8925504500390455277,Voda
255300033358962,8925504500390455228,Voda
255300033358300,8925504500390455210,Voda
255300033358068,8925504500390455186,Voda
255300033363211,8925504500390455293,Voda
255300033362973,8925504500390455285,Voda
255300033360993,8925504500390455251,Voda
255300033366324,8925504500390455384,Voda
255300033364466,8925504500390455368,Voda
255300033364361,8925504500390455343,Voda
255300033363652,8925504500390455335,Voda
255300033368430,8925504500390455467,Voda
255300033367794,8925504500390455442,Voda
255300033366654,8925504500390455426,Voda
255300033366620,8925504500390455418,Voda
255300033366948,8925504500390455434,Voda
255300033369370,8925504500390455491,Voda
255300033369156,8925504500390455483,Voda
255300033370842,8925504500390455517,Voda
255300033325907,8925504500390454338,Voda
255300033326902,8925504500390454379,Voda
255300033326503,8925504500390454361,Voda
255300033326033,8925504500390454346,Voda
255300033327834,8925504500390454437,Voda
255300033327786,8925504500390454429,Voda
255300033331211,8925504500390454502,Voda
255300033327569,8925504500390454411,Voda
255300033327532,8925504500390454403,Voda
255300033327371,8925504500390454395,Voda
255300033327070,8925504500390454387,Voda
255300033326046,8925504500390454353,Voda
255300033331660,8925504500390454544,Voda
255300033331576,8925504500390454536,Voda
255300033331457,8925504500390454528,Voda
255300033329975,8925504500390454486,Voda
255300033335155,8925504500390454593,Voda
255300033332371,8925504500390454551,Voda
255300033337308,8925504500390454635,Voda
255300033335360,8925504500390454601,Voda
255300033334689,8925504500390454585,Voda
255300033334396,8925504500390454577,Voda
255300033334126,8925504500390454569,Voda
255300033339990,8925504500390454734,Voda
255300033339908,8925504500390454726,Voda
255300033339689,8925504500390454718,Voda
255300033339250,8925504500390454700,Voda
255300033338965,8925504500390454692,Voda
255300033337528,8925504500390454668,Voda
255300033340722,8925504500390454767,Voda
255300033340568,8925504500390454759,Voda
255300033340165,8925504500390454742,Voda
255300033343504,8925504500390454825,Voda
255300033344848,8925504500390454874,Voda
255300033343106,8925504500390454809,Voda
255300033345849,8925504500390454890,Voda
255300033342723,8925504500390454791,Voda
255300033342192,8925504500390454783,Voda
255300033346649,8925504500390454916,Voda
255300033346494,8925504500390454908,Voda
255300033345513,8925504500390454882,Voda
255300033344715,8925504500390454866,Voda
255300033344166,8925504500390454841,Voda
255300033343779,8925504500390454833,Voda
255300033315570,8925504500390454031,Voda
255300033318884,8925504500390454148,Voda
255300033319922,8925504500390454163,Voda
255300033317481,8925504500390454098,Voda
255300033322476,8925504500390454205,Voda
255300033316611,8925504500390454072,Voda
255300033315741,8925504500390454049,Voda
255300033314852,8925504500390454015,Voda
255300033321859,8925504500390454197,Voda
255300033320180,8925504500390454171,Voda
255300033319858,8925504500390454155,Voda
255300033318746,8925504500390454130,Voda
255300033317959,8925504500390454122,Voda
255300033323012,8925504500390454213,Voda
255300033324464,8925504500390454296,Voda
255300033324197,8925504500390454288,Voda
255300033323197,8925504500390454262,Voda
255300033323182,8925504500390454254,Voda
255300033323139,8925504500390454247,Voda
255300033323086,8925504500390454239,Voda
255300033323024,8925504500390454221,Voda
255300033329175,8925504500390454478,Voda
255300033391273,8925504500390455921,Voda
255300031008197,8925504500390443786,Voda
255300031008198,8925504500390443794,Voda
255766908970,8925504410701934590,Voda
255300034000461,8925504500149989311,Voda
255300034000460,8925504500149989303,Voda
255300034000458,8925504500149989287,Voda
255300034000459,8925504500149989295,Voda
255753958311,8925504500219383478,Voda
255300033091563,8925504500274265024,Voda
255300033091604,8925504500274265412,Voda
255300033186254,8925504500322291287,Voda
255300033111457,8925504500321206740,Voda
255300038766974,8925504500655582153,Voda
255300038770670,8925504500655582252,Voda
255300038766514,8925504500655582112,Voda
255300038771324,8925504500655582278,Voda
255300038780135,8925504500655582492,Voda
255300038778737,8925504500655582443,Voda
255300038776876,8925504500655582419,Voda
255300033070203,8925504500274228014,Voda
255300033070206,8925504500274228030,Voda
255300033070208,8925504500274228055,Voda
255300033070207,8925504500274228048,Voda
255300033070210,8925504500274228071,Voda
255300033070209,8925504500274228063,Voda
255300033070211,8925504500274228089,Voda
255300033070220,8925504500274228154,Voda
255300033070228,8925504500274228220,Voda
255300033070232,8925504500274228261,Voda
255300033070230,8925504500274228246,Voda
255300033070229,8925504500274228238,Voda
255300033070227,8925504500274228212,Voda
255300033070225,8925504500274228196,Voda
255300033070223,8925504500274228170,Voda
255300033070222,8925504500274228162,Voda
255300033070218,8925504500274228139,Voda
255300033070216,8925504500274228121,Voda
255300033070215,8925504500274228113,Voda
255300033070234,8925504500274228287,Voda
255300033070233,8925504500274228279,Voda
255300033070236,8925504500274228303,Voda
255300033070213,8925504500274228097,Voda
255300033070253,8925504500274228444,Voda
255300033070251,8925504500274228428,Voda
255300033070250,8925504500274228410,Voda
255300033070252,8925504500274228436,Voda
255300033070248,8925504500274228394,Voda
255300033070247,8925504500274228386,Voda
255300033070246,8925504500274228378,Voda
255300033070245,8925504500274228360,Voda
255300033070243,8925504500274228352,Voda
255300033070242,8925504500274228345,Voda
255300033070257,8925504500274228485,Voda
255300033070254,8925504500274228451,Voda
255300033070237,8925504500274228311,Voda
255300033070266,8925504500274228576,Voda
255300033070258,8925504500274228493,Voda
255300033070259,8925504500274228501,Voda
255300033070256,8925504500274228477,Voda
255300033070255,8925504500274228469,Voda
255300033070274,8925504500274228659,Voda
255300033070271,8925504500274228626,Voda
255300033070270,8925504500274228618,Voda
255300033070269,8925504500274228600,Voda
255300033070268,8925504500274228592,Voda
255300033070267,8925504500274228584,Voda
255300033070275,8925504500274228667,Voda
255300033070264,8925504500274228550,Voda
255300033070263,8925504500274228543,Voda
255300033070261,8925504500274228527,Voda
255300033070260,8925504500274228519,Voda
255300033070276,8925504500274228675,Voda
255300033070294,8925504500274228840,Voda
255300033070293,8925504500274228832,Voda
255300033070292,8925504500274228824,Voda
255300033070291,8925504500274228816,Voda
255300033070290,8925504500274228808,Voda
255300033070289,8925504500274228790,Voda
255300033070288,8925504500274228782,Voda
255300033070287,8925504500274228774,Voda
255300033070285,8925504500274228766,Voda
255300033070284,8925504500274228758,Voda
255300033070283,8925504500274228741,Voda
255300033070282,8925504500274228733,Voda
255300033070280,8925504500274228717,Voda
255300033070299,8925504500274228881,Voda
255300033070297,8925504500274228873,Voda
255300033070314,8925504500274229038,Voda
255300033070313,8925504500274229020,Voda
255300033070312,8925504500274229012,Voda
255300033070311,8925504500274229004,Voda
255300033070310,8925504500274228998,Voda
255300033070309,8925504500274228980,Voda
255300033070306,8925504500274228956,Voda
255300033070304,8925504500274228931,Voda
255300033070303,8925504500274228923,Voda
255300033070300,8925504500274228899,Voda
255300033070327,8925504500274229160,Voda
255300033070319,8925504500274229087,Voda
255300033070315,8925504500274229046,Voda
255300033070317,8925504500274229061,Voda
255300033070316,8925504500274229053,Voda
255300033070332,8925504500274229210,Voda
255300033070329,8925504500274229186,Voda
255300033070328,8925504500274229178,Voda
255300033070326,8925504500274229152,Voda
255300033070335,8925504500274229244,Voda
255300033070325,8925504500274229145,Voda
255300033070324,8925504500274229137,Voda
255300033070322,8925504500274229111,Voda
255300033070321,8925504500274229103,Voda
255300033070320,8925504500274229095,Voda
255300033070336,8925504500274229251,Voda
255300033070334,8925504500274229236,Voda
255300033070333,8925504500274229228,Voda
255300033070331,8925504500274229202,Voda
255300033070339,8925504500274229285,Voda
255300033070330,8925504500274229194,Voda
255300033070340,8925504500274229293,Voda
255300033070338,8925504500274229277,Voda
255300033070345,8925504500274229343,Voda
255300033070337,8925504500274229269,Voda
255300033070350,8925504500274229392,Voda
255300033070349,8925504500274229384,Voda
255300033070348,8925504500274229376,Voda
255300033070347,8925504500274229368,Voda
255300033070344,8925504500274229335,Voda
255300033070343,8925504500274229327,Voda
255300033070342,8925504500274229319,Voda
255300033070354,8925504500274229426,Voda
255300033070352,8925504500274229418,Voda
255300033070351,8925504500274229400,Voda
255300033070364,8925504500274229517,Voda
255300033070360,8925504500274229483,Voda
255300033070369,8925504500274229558,Voda
255300033070357,8925504500274229459,Voda
255300033070372,8925504500274229582,Voda
255300033070371,8925504500274229574,Voda
255300033070370,8925504500274229566,Voda
255300033070367,8925504500274229541,Voda
255300033070366,8925504500274229533,Voda
255300033070365,8925504500274229525,Voda
255300033070363,8925504500274229509,Voda
255300033070362,8925504500274229491,Voda
255300033070375,8925504500274229616,Voda
255300033071278,8925504500274229749,Voda
255300033070378,8925504500274229640,Voda
255300033070374,8925504500274229608,Voda
255300033070373,8925504500274229590,Voda
255300033071270,8925504500274229665,Voda
255300033070379,8925504500274229657,Voda
255300033071277,8925504500274229731,Voda
255300033070376,8925504500274229624,Voda
255300033071283,8925504500274229780,Voda
255300033071281,8925504500274229764,Voda
255300033071280,8925504500274229756,Voda
255300033071276,8925504500274229723,Voda
255300033071275,8925504500274229715,Voda
255300033071272,8925504500274229681,Voda
255300033071274,8925504500274229707,Voda
255300033071289,8925504500274229822,Voda
255300033071284,8925504500274229798,Voda
255300033071282,8925504500274229772,Voda
255300033071305,8925504500274229970,Voda
255300033071292,8925504500274229855,Voda
255300033071271,8925504500274229673,Voda
255300033071300,8925504500274229939,Voda
255300033071302,8925504500274229954,Voda
255300033071299,8925504500274229921,Voda
255300033071306,8925504500274229988,Voda
255300033070305,8925504500274228949,Voda
255300033070302,8925504500274228915,Voda
255300033059867,8925504500274287903,Voda
255300033070295,8925504500274228857,Voda
255300033071290,8925504500274229830,Voda
255300033096762,8925504500303876254,Voda
255300033013179,8925504500389918772,Voda
255300033391508,8925504500625045703,Voda
255300033186106,8925504500322291006,Voda
255300033111459,8925504500321206757,Voda
255300033372458,8925504500390455533,Voda
255300033372566,8925504500390455541,Voda
255300033382588,8925504500390455715,Voda
255300033377150,8925504500390455616,Voda
255300033373117,8925504500390455574,Voda
255300033384142,8925504500390455749,Voda
255300033384053,8925504500390455731,Voda
255300033386539,8925504500390455822,Voda
255300033387078,8925504500390455830,Voda
255300033385711,8925504500390455772,Voda
255300033389347,8925504500390455863,Voda
255300033391693,8925504500390455939,Voda
255300033391200,8925504500390455913,Voda
255300033313600,8925504500390453942,Voda
255300033312085,8925504500390453926,Voda
255300033312074,8925504500390453918,Voda
255300033346758,8925504500390454932,Voda
255300033356258,8925504500390455160,Voda
255300033352359,8925504500390455053,Voda
255300033353486,8925504500390455087,Voda
255300033356882,8925504500390455178,Voda
255300033359386,8925504500390455236,Voda
255300033366102,8925504500390455376,Voda
255300033363585,8925504500390455319,Voda
255300033363513,8925504500390455301,Voda
255300033366335,8925504500390455392,Voda
255300033360128,8925504500390455244,Voda
255300033366594,8925504500390455400,Voda
255300033364429,8925504500390455350,Voda
255300033368446,8925504500390455475,Voda
255300033369627,8925504500390455509,Voda
255300033372247,8925504500390455525,Voda
255300033328118,8925504500390454445,Voda
255300033331335,8925504500390454510,Voda
255300033330463,8925504500390454494,Voda
255300033328959,8925504500390454460,Voda
255300033328250,8925504500390454452,Voda
255300033337057,8925504500390454627,Voda
255300033337311,8925504500390454643,Voda
255300033335957,8925504500390454619,Voda
255300033338838,8925504500390454684,Voda
255300033338762,8925504500390454676,Voda
255300033337369,8925504500390454650,Voda
255300033341175,8925504500390454775,Voda
255300033344239,8925504500390454858,Voda
255300033346700,8925504500390454924,Voda
255300033314782,8925504500390454007,Voda
255300033315876,8925504500390454064,Voda
255300033317910,8925504500390454114,Voda
255300033317786,8925504500390454106,Voda
255300033316926,8925504500390454080,Voda
255300033315768,8925504500390454056,Voda
255300033320887,8925504500390454189,Voda
255300033315502,8925504500390454023,Voda
255300033325491,8925504500390454304,Voda
255300033323592,8925504500390454270,Voda
255300033325865,8925504500390454320,Voda
255300033313762,8925504500390453967,Voda
255300038453631,8925504500598684108,Voda
255300038456901,8925504500598684199,Voda
255300038459860,8925504500598684272,Voda
255300038461415,8925504500598684314,Voda
255300038461028,8925504500598684298,Voda
255300038459763,8925504500598684264,Voda
255300038458800,8925504500598684249,Voda
255300038456012,8925504500598684173,Voda
255300038455740,8925504500598684157,Voda
255300038455611,8925504500598684140,Voda
255300038455171,8925504500598684132,Voda
255300038461850,8925504500598684322,Voda
255300038462566,8925504500598684355,Voda
255300038462689,8925504500598684363,Voda
255300038462713,8925504500598684371,Voda
255300038462260,8925504500598684330,Voda
255300038465789,8925504500598684462,Voda
255300038466161,8925504500598684470,Voda
255300038465420,8925504500598684454,Voda
255300038465205,8925504500598684447,Voda
255300038464993,8925504500598684439,Voda
255300038467515,8925504500598684520,Voda
255300038468535,8925504500598684553,Voda
255300038470392,8925504500598684595,Voda
255300038466917,8925504500598684504,Voda
255300038472150,8925504500598684686,Voda
255300038471049,8925504500598684611,Voda
255300038471348,8925504500598684629,Voda
255300038473661,8925504500598684751,Voda
255300038472082,8925504500598684678,Voda
255300038467692,8925504500598684538,Voda
255300038473802,8925504500598684769,Voda
255300038473616,8925504500598684744,Voda
255300038478809,8925504500598684884,Voda
255300038478141,8925504500598684850,Voda
255300038476813,8925504500598684819,Voda
255300038476314,8925504500598684801,Voda
255300038479351,8925504500598684900,Voda
255300038474252,8925504500598684785,Voda
255300038480534,8925504500598684942,Voda
255300038477824,8925504500598684843,Voda
255300038484683,8925504500598685014,Voda
255300038482919,8925504500598684991,Voda
255300038482635,8925504500598684975,Voda
255300038481872,8925504500598684967,Voda
255300038480898,8925504500598684959,Voda
255300038486354,8925504500598685071,Voda
255300038480402,8925504500598684918,Voda
255300038485741,8925504500598685048,Voda
255300038487564,8925504500598685105,Voda
255300038486380,8925504500598685089,Voda
255300038589720,8925504500598688109,Voda
255300038594342,8925504500598688265,Voda
255300038593377,8925504500598688232,Voda
255300038592830,8925504500598688216,Voda
255300038593303,8925504500598688224,Voda
255300038595930,8925504500598688307,Voda
255300038594515,8925504500598688273,Voda
255300038596022,8925504500598688315,Voda
255300038596087,8925504500598688323,Voda
255300038592114,8925504500598688174,Voda
255300038590715,8925504500598688125,Voda
255300038590612,8925504500598688117,Voda
255300038596394,8925504500598688331,Voda
255300038598958,8925504500598688380,Voda
255300038599711,8925504500598688422,Voda
255300038604879,8925504500598688513,Voda
255300038599879,8925504500598688430,Voda
255300038599138,8925504500598688406,Voda
255300038599080,8925504500598688398,Voda
255300038606803,8925504500598688554,Voda
255300038610169,8925504500598688661,Voda
255300038606675,8925504500598688547,Voda
255300038605575,8925504500598688521,Voda
255300038608506,8925504500598688612,Voda
255300038609784,8925504500598688638,Voda
255300038607220,8925504500598688596,Voda
255300038610371,8925504500598688679,Voda
255300038612373,8925504500598688729,Voda
255300038613973,8925504500598688786,Voda
255300038612665,8925504500598688745,Voda
255300038612472,8925504500598688737,Voda
255300038616055,8925504500598688877,Voda
255300038611477,8925504500598688695,Voda
255300038610442,8925504500598688687,Voda
255300038615198,8925504500598688844,Voda
255300038614737,8925504500598688828,Voda
255300038614645,8925504500598688810,Voda
255300038617455,8925504500598688919,Voda
255300038617068,8925504500598688885,Voda
255300038615750,8925504500598688869,Voda
255300038617828,8925504500598688943,Voda
255300038622034,8925504500598689032,Voda
255300038617602,8925504500598688935,Voda
255300038622214,8925504500598689057,Voda
255300038622697,8925504500598689081,Voda
255300038620803,8925504500598688992,Voda
255300038560806,8925504500598687242,Voda
255300038557370,8925504500598687150,Voda
255300038622550,8925504500598689073,Voda
255300038558613,8925504500598687192,Voda
255300038557305,8925504500598687143,Voda
255300038564656,8925504500598687366,Voda
255300038560121,8925504500598687218,Voda
255300038564003,8925504500598687333,Voda
255300038565200,8925504500598687390,Voda
255300038565431,8925504500598687416,Voda
255300038567783,8925504500598687507,Voda
255300038566501,8925504500598687457,Voda
255300038564643,8925504500598687358,Voda
255300038567347,8925504500598687473,Voda
255300038567691,8925504500598687499,Voda
255300038569736,8925504500598687549,Voda
255300038569451,8925504500598687523,Voda
255300038573407,8925504500598687598,Voda
255300038570158,8925504500598687556,Voda
255300038573939,8925504500598687630,Voda
255300038576198,8925504500598687697,Voda
255300038575216,8925504500598687671,Voda
255300038574227,8925504500598687648,Voda
255300038576929,8925504500598687713,Voda
255300038577745,8925504500598687754,Voda
255300038579337,8925504500598687796,Voda
255300038580893,8925504500598687838,Voda
255300038579914,8925504500598687820,Voda
255300038581395,8925504500598687853,Voda
255300038578727,8925504500598687788,Voda
255300038581583,8925504500598687895,Voda
255300038581054,8925504500598687846,Voda
255300038587249,8925504500598688034,Voda
255300038582571,8925504500598687937,Voda
255300038582476,8925504500598687929,Voda
255300038582139,8925504500598687911,Voda
255300038581935,8925504500598687903,Voda
255300038585427,8925504500598687986,Voda
255300038587413,8925504500598688042,Voda
255300038588055,8925504500598688067,Voda
255300038587008,8925504500598688018,Voda
255300038587885,8925504500598688059,Voda
255300038488741,8925504500598685121,Voda
255300038490861,8925504500598685212,Voda
255300038497928,8925504500598685386,Voda
255300038506211,8925504500598685576,Voda
255300038504903,8925504500598685527,Voda
255300038503370,8925504500598685493,Voda
255300038512715,8925504500598685725,Voda
255300038512689,8925504500598685717,Voda
255300038509371,8925504500598685659,Voda
255300038508734,8925504500598685642,Voda
255300038507103,8925504500598685626,Voda
255300038506739,8925504500598685600,Voda
255300038506680,8925504500598685592,Voda
255300038513466,8925504500598685741,Voda
255300038513755,8925504500598685766,Voda
255300038512460,8925504500598685683,Voda
255300038516672,8925504500598685857,Voda
255300038518377,8925504500598685915,Voda
255300038518187,8925504500598685899,Voda
255300038519265,8925504500598685949,Voda
255300038524976,8925504500598686046,Voda
255300038525096,8925504500598686053,Voda
255300038520923,8925504500598686004,Voda
255300038529279,8925504500598686152,Voda
255300038527551,8925504500598686111,Voda
255300038529726,8925504500598686178,Voda
255300038530230,8925504500598686186,Voda
255300038531767,8925504500598686228,Voda
255300038532852,8925504500598686277,Voda
255300038532665,8925504500598686269,Voda
255300038530817,8925504500598686194,Voda
255300038533853,8925504500598686319,Voda
255300038537124,8925504500598686418,Voda
255300038534901,8925504500598686335,Voda
255300038539719,8925504500598686475,Voda
255300038537360,8925504500598686434,Voda
255300038537204,8925504500598686426,Voda
255300038543304,8925504500598686624,Voda
255300038541143,8925504500598686533,Voda
255300038540276,8925504500598686491,Voda
255300038542202,8925504500598686566,Voda
255300038541859,8925504500598686558,Voda
255300038541630,8925504500598686541,Voda
255300038540925,8925504500598686517,Voda
255300038542679,8925504500598686590,Voda
255300038543241,8925504500598686616,Voda
255300038542424,8925504500598686582,Voda
255300038544993,8925504500598686681,Voda
255300038546342,8925504500598686756,Voda
255300038547534,8925504500598686780,Voda
255300038546926,8925504500598686764,Voda
255300038548409,8925504500598686822,Voda
255300038545374,8925504500598686715,Voda
255300038545070,8925504500598686707,Voda
255300038553475,8925504500598686962,Voda
255300038551535,8925504500598686913,Voda
255300038550499,8925504500598686863,Voda
255300038549143,8925504500598686855,Voda
255300038549029,8925504500598686848,Voda
255300038551651,8925504500598686921,Voda
255300038552399,8925504500598686954,Voda
255300038551769,8925504500598686947,Voda
255300038551681,8925504500598686939,Voda
255300038550916,8925504500598686897,Voda
255300038550678,8925504500598686889,Voda
255300038554996,8925504500598687036,Voda
255300038555263,8925504500598687051,Voda
255300038555224,8925504500598687044,Voda
255300038554479,8925504500598687028,Voda
255300038554299,8925504500598687010,Voda
255300038554262,8925504500598687002,Voda
255300038614357,8925504500598688802,Voda
255300034474519,8925504500655233906,Voda
255300036771925,8925504500655234052,Voda
255300034517388,8925504500655233989,Voda
255300037412774,8925504500655234003,Voda
255300036684419,8925504500655233922,Voda
255300038453708,8925504500598684116,Voda
255300038453820,8925504500598684124,Voda
255300038459115,8925504500598684256,Voda
255300038457509,8925504500598684215,Voda
255300038460339,8925504500598684280,Voda
255300038458688,8925504500598684231,Voda
255300038458682,8925504500598684223,Voda
255300038457063,8925504500598684207,Voda
255300038455846,8925504500598684165,Voda
255300038462478,8925504500598684348,Voda
255300038461188,8925504500598684306,Voda
255300038462980,8925504500598684389,Voda
255300038462991,8925504500598684397,Voda
255300038467397,8925504500598684512,Voda
255300038463270,8925504500598684405,Voda
255300038464355,8925504500598684421,Voda
255300038466704,8925504500598684496,Voda
255300038471765,8925504500598684645,Voda
255300038471642,8925504500598684637,Voda
255300038469309,8925504500598684579,Voda
255300038469026,8925504500598684561,Voda
255300038468239,8925504500598684546,Voda
255300038472286,8925504500598684694,Voda
255300038472046,8925504500598684660,Voda
255300038474002,8925504500598684777,Voda
255300038475197,8925504500598684793,Voda
255300038473439,8925504500598684728,Voda
255300038473050,8925504500598684710,Voda
255300038472476,8925504500598684702,Voda
255300038477347,8925504500598684835,Voda
255300038477182,8925504500598684827,Voda
255300038479189,8925504500598684892,Voda
255300038478393,8925504500598684868,Voda
255300038484267,8925504500598685006,Voda
255300038482700,8925504500598684983,Voda
255300038480507,8925504500598684934,Voda
255300038486096,8925504500598685063,Voda
255300038485906,8925504500598685055,Voda
255300038487225,8925504500598685097,Voda
255300038592436,8925504500598688182,Voda
255300038590769,8925504500598688133,Voda
255300038591664,8925504500598688166,Voda
255300038593849,8925504500598688257,Voda
255300038594724,8925504500598688281,Voda
255300038595228,8925504500598688299,Voda
255300038593452,8925504500598688240,Voda
255300038592498,8925504500598688190,Voda
255300038590893,8925504500598688141,Voda
255300038591633,8925504500598688158,Voda
255300038598241,8925504500598688356,Voda
255300038598358,8925504500598688364,Voda
255300038598944,8925504500598688372,Voda
255300038606389,8925504500598688539,Voda
255300038601042,8925504500598688455,Voda
255300038601696,8925504500598688463,Voda
255300038597831,8925504500598688349,Voda
255300038603502,8925504500598688489,Voda
255300038600185,8925504500598688448,Voda
255300038599182,8925504500598688414,Voda
255300038603980,8925504500598688505,Voda
255300038603677,8925504500598688497,Voda
255300038609500,8925504500598688620,Voda
255300038607805,8925504500598688604,Voda
255300038607057,8925504500598688588,Voda
255300038607003,8925504500598688562,Voda
255300038611893,8925504500598688703,Voda
255300038610164,8925504500598688653,Voda
255300038613397,8925504500598688778,Voda
255300038612061,8925504500598688711,Voda
255300038614969,8925504500598688836,Voda
255300038617983,8925504500598688950,Voda
255300038614099,8925504500598688794,Voda
255300038612917,8925504500598688760,Voda
255300038617266,8925504500598688901,Voda
255300038617532,8925504500598688927,Voda
255300038615451,8925504500598688851,Voda
255300038618484,8925504500598688976,Voda
255300038618076,8925504500598688968,Voda
255300038622058,8925504500598689040,Voda
255300038617191,8925504500598688893,Voda
255300038621341,8925504500598689024,Voda
255300038556339,8925504500598687119,Voda
255300038619728,8925504500598688984,Voda
255300038556591,8925504500598687135,Voda
255300038556518,8925504500598687127,Voda
255300038623154,8925504500598689099,Voda
255300038560276,8925504500598687226,Voda
255300038557784,8925504500598687168,Voda
255300038563648,8925504500598687317,Voda
255300038560574,8925504500598687234,Voda
255300038562907,8925504500598687267,Voda
255300038563061,8925504500598687275,Voda
255300038559576,8925504500598687200,Voda
255300038564247,8925504500598687341,Voda
255300038563835,8925504500598687325,Voda
255300038564943,8925504500598687374,Voda
255300038563074,8925504500598687283,Voda
255300038565395,8925504500598687408,Voda
255300038567447,8925504500598687481,Voda
255300038566126,8925504500598687440,Voda
255300038565794,8925504500598687432,Voda
255300038569609,8925504500598687531,Voda
255300038570831,8925504500598687572,Voda
255300038567078,8925504500598687465,Voda
255300038573542,8925504500598687614,Voda
255300038571633,8925504500598687580,Voda
255300038570500,8925504500598687564,Voda
255300038573565,8925504500598687622,Voda
255300038576617,8925504500598687705,Voda
255300038577658,8925504500598687747,Voda
255300038575400,8925504500598687689,Voda
255300038575195,8925504500598687663,Voda
255300038574625,8925504500598687655,Voda
255300038579688,8925504500598687812,Voda
255300038579496,8925504500598687804,Voda
255300038578129,8925504500598687762,Voda
255300038581495,8925504500598687887,Voda
255300038581405,8925504500598687861,Voda
255300038583972,8925504500598687952,Voda
255300038583188,8925504500598687945,Voda
255300038586201,8925504500598688000,Voda
255300038584061,8925504500598687960,Voda
255300038584460,8925504500598687978,Voda
255300038587029,8925504500598688026,Voda
255300038588460,8925504500598688075,Voda
255300038589244,8925504500598688083,Voda
255300038488808,8925504500598685147,Voda
255300038488960,8925504500598685154,Voda
255300038488795,8925504500598685139,Voda
255300038589256,8925504500598688091,Voda
255300038489758,8925504500598685188,Voda
255300038489164,8925504500598685170,Voda
255300038495424,8925504500598685329,Voda
255300038493224,8925504500598685253,Voda
255300038489032,8925504500598685162,Voda
255300038493796,8925504500598685279,Voda
255300038493353,8925504500598685261,Voda
255300038492994,8925504500598685246,Voda
255300038495033,8925504500598685311,Voda
255300038492807,8925504500598685238,Voda
255300038492389,8925504500598685220,Voda
255300038490545,8925504500598685204,Voda
255300038495772,8925504500598685337,Voda
255300038497214,8925504500598685352,Voda
255300038494851,8925504500598685303,Voda
255300038493961,8925504500598685295,Voda
255300038500341,8925504500598685436,Voda
255300038493921,8925504500598685287,Voda
255300038497742,8925504500598685378,Voda
255300038496896,8925504500598685345,Voda
255300038501617,8925504500598685451,Voda
255300038490377,8925504500598685196,Voda
255300038503080,8925504500598685477,Voda
255300038502035,8925504500598685469,Voda
255300038500537,8925504500598685444,Voda
255300038500141,8925504500598685428,Voda
255300038499953,8925504500598685410,Voda
255300038499886,8925504500598685402,Voda
255300038498832,8925504500598685394,Voda
255300038504911,8925504500598685535,Voda
255300038505202,8925504500598685568,Voda
255300038503638,8925504500598685501,Voda
255300038505001,8925504500598685543,Voda
255300038512127,8925504500598685675,Voda
255300038510201,8925504500598685667,Voda
255300038512608,8925504500598685709,Voda
255300038508182,8925504500598685634,Voda
255300038506792,8925504500598685618,Voda
255300038506641,8925504500598685584,Voda
255300038512744,8925504500598685733,Voda
255300038512470,8925504500598685691,Voda
255300038505051,8925504500598685550,Voda
255300038514263,8925504500598685782,Voda
255300038513695,8925504500598685758,Voda
255300038515306,8925504500598685840,Voda
255300038517406,8925504500598685873,Voda
255300038518272,8925504500598685907,Voda
255300038515068,8925504500598685832,Voda
255300038514810,8925504500598685824,Voda
255300038514679,8925504500598685816,Voda
255300038521488,8925504500598686020,Voda
255300038517896,8925504500598685881,Voda
255300038516799,8925504500598685865,Voda
255300038520793,8925504500598685998,Voda
255300038526561,8925504500598686087,Voda
255300038520109,8925504500598685980,Voda
255300038520053,8925504500598685972,Voda
255300038519556,8925504500598685964,Voda
255300038525769,8925504500598686079,Voda
255300038518598,8925504500598685931,Voda
255300038522878,8925504500598686038,Voda
255300038525317,8925504500598686061,Voda
255300038521234,8925504500598686012,Voda
255300038527733,8925504500598686129,Voda
255300038528076,8925504500598686145,Voda
255300038532359,8925504500598686244,Voda
255300038531347,8925504500598686210,Voda
255300038530954,8925504500598686202,Voda
255300038532112,8925504500598686236,Voda
255300038529708,8925504500598686160,Voda
255300038527784,8925504500598686137,Voda
255300038527414,8925504500598686103,Voda
255300038533644,8925504500598686293,Voda
255300038533613,8925504500598686285,Voda
255300038533832,8925504500598686301,Voda
255300038532517,8925504500598686251,Voda
255300038535144,8925504500598686350,Voda
255300038536175,8925504500598686392,Voda
255300038540577,8925504500598686509,Voda
255300038535645,8925504500598686376,Voda
255300038535191,8925504500598686368,Voda
255300038535092,8925504500598686343,Voda
255300038534168,8925504500598686327,Voda
255300038539407,8925504500598686459,Voda
255300038538099,8925504500598686442,Voda
255300038541085,8925504500598686525,Voda
255300038543955,8925504500598686640,Voda
255300038543687,8925504500598686632,Voda
255300038547213,8925504500598686772,Voda
255300038544610,8925504500598686665,Voda
255300038545009,8925504500598686699,Voda
255300038544988,8925504500598686673,Voda
255300038548131,8925504500598686806,Voda
255300038548393,8925504500598686814,Voda
255300038545892,8925504500598686731,Voda
255300038548703,8925504500598686830,Voda
255300038545850,8925504500598686723,Voda
255300038550541,8925504500598686871,Voda
255300038553602,8925504500598686988,Voda
255300038551476,8925504500598686905,Voda
255300038555503,8925504500598687077,Voda
255300038553576,8925504500598686970,Voda
255300038555389,8925504500598687069,Voda
255300038553608,8925504500598686996,Voda
255300038555996,8925504500598687101,Voda
255300038555878,8925504500598687093,Voda
255300038555855,8925504500598687085,Voda
255300036787325,8925504500598886109,Voda
255300036788157,8925504500598886117,Voda
255300036792908,8925504500598886208,Voda
255300036789123,8925504500598886158,Voda
255300036789585,8925504500598886166,Voda
255300036794651,8925504500598886240,Voda
255300036793089,8925504500598886232,Voda
255300036796233,8925504500598886299,Voda
255300036795527,8925504500598886273,Voda
255300036795524,8925504500598886265,Voda
255300036792978,8925504500598886224,Voda
255300036792975,8925504500598886216,Voda
255300036792402,8925504500598886190,Voda
255300036791304,8925504500598886182,Voda
255300036790767,8925504500598886174,Voda
255300036788853,8925504500598886141,Voda
255300036788668,8925504500598886133,Voda
255300036796790,8925504500598886323,Voda
255300036796690,8925504500598886315,Voda
255300036798030,8925504500598886349,Voda
255300036799510,8925504500598886364,Voda
255300036798685,8925504500598886356,Voda
255300036796284,8925504500598886307,Voda
255300036801828,8925504500598886406,Voda
255300036802189,8925504500598886414,Voda
255300036804328,8925504500598886448,Voda
255300036797362,8925504500598886331,Voda
255300036788298,8925504500598886125,Voda
255300036805999,8925504500598886471,Voda
255300036805266,8925504500598886463,Voda
255300036806043,8925504500598886489,Voda
255300036804803,8925504500598886455,Voda
255300036802898,8925504500598886430,Voda
255300036806573,8925504500598886505,Voda
255300036807393,8925504500598886521,Voda
255300036801276,8925504500598886398,Voda
255300036800896,8925504500598886380,Voda
255300036800649,8925504500598886372,Voda
255300036807823,8925504500598886539,Voda
255300036806948,8925504500598886513,Voda
255300036806566,8925504500598886497,Voda
255300036809231,8925504500598886570,Voda
255300036811282,8925504500598886612,Voda
255300036808762,8925504500598886554,Voda
255300036813550,8925504500598886661,Voda
255300036808216,8925504500598886547,Voda
255300036813621,8925504500598886679,Voda
255300036814171,8925504500598886703,Voda
255300036813648,8925504500598886687,Voda
255300036812690,8925504500598886653,Voda
255300036812425,8925504500598886646,Voda
255300036811506,8925504500598886638,Voda
255300036811411,8925504500598886620,Voda
255300036810401,8925504500598886604,Voda
255300036815917,8925504500598886752,Voda
255300036810072,8925504500598886596,Voda
255300036809326,8925504500598886588,Voda
255300036814809,8925504500598886745,Voda
255300036816041,8925504500598886760,Voda
255300036814392,8925504500598886729,Voda
255300036817520,8925504500598886802,Voda
255300036817695,8925504500598886828,Voda
255300036813777,8925504500598886695,Voda
255300036817638,8925504500598886810,Voda
255300036816631,8925504500598886794,Voda
255300036816145,8925504500598886786,Voda
255300036816124,8925504500598886778,Voda
255300036818873,8925504500598886844,Voda
255300036821988,8925504500598886885,Voda
255300036821264,8925504500598886877,Voda
255300036822391,8925504500598886919,Voda
255300036821219,8925504500598886869,Voda
255300036820617,8925504500598886851,Voda
255300036818129,8925504500598886836,Voda
255300036823243,8925504500598886950,Voda
255300036823037,8925504500598886943,Voda
255300036822724,8925504500598886935,Voda
255300036825165,8925504500598886984,Voda
255300036822289,8925504500598886901,Voda
255300036822041,8925504500598886893,Voda
255300036826781,8925504500598887024,Voda
255300036826623,8925504500598887016,Voda
255300036826324,8925504500598887008,Voda
255300036826260,8925504500598886992,Voda
255300036824407,8925504500598886976,Voda
255300036828238,8925504500598887073,Voda
255300036827862,8925504500598887065,Voda
255300036827051,8925504500598887040,Voda
255300036826986,8925504500598887032,Voda
255300036828908,8925504500598887099,Voda
255300036828568,8925504500598887081,Voda
255300036823257,8925504500598886968,Voda
255300036737777,8925504500598885101,Voda
255300036748212,8925504500598885317,Voda
255300036746757,8925504500598885283,Voda
255300036745981,8925504500598885275,Voda
255300036747044,8925504500598885291,Voda
255300036744670,8925504500598885259,Voda
255300036744515,8925504500598885242,Voda
255300036744295,8925504500598885234,Voda
255300036743191,8925504500598885226,Voda
255300036742986,8925504500598885218,Voda
255300036742789,8925504500598885200,Voda
255300036742374,8925504500598885192,Voda
255300036742036,8925504500598885184,Voda
255300036742018,8925504500598885176,Voda
255300036741502,8925504500598885168,Voda
255300036741373,8925504500598885150,Voda
255300036740372,8925504500598885143,Voda
255300036739020,8925504500598885135,Voda
255300036747201,8925504500598885309,Voda
255300036748503,8925504500598885325,Voda
255300036752221,8925504500598885382,Voda
255300036752542,8925504500598885408,Voda
255300036738833,8925504500598885127,Voda
255300036755974,8925504500598885499,Voda
255300036755669,8925504500598885473,Voda
255300036755651,8925504500598885465,Voda
255300036755756,8925504500598885481,Voda
255300036754875,8925504500598885457,Voda
255300036753798,8925504500598885440,Voda
255300036753786,8925504500598885432,Voda
255300036753097,8925504500598885424,Voda
255300036752727,8925504500598885416,Voda
255300036752287,8925504500598885390,Voda
255300036757414,8925504500598885523,Voda
255300036751196,8925504500598885366,Voda
255300036750801,8925504500598885358,Voda
255300036758580,8925504500598885556,Voda
255300036763833,8925504500598885622,Voda
255300036758236,8925504500598885531,Voda
255300036756471,8925504500598885507,Voda
255300036765839,8925504500598885697,Voda
255300036765622,8925504500598885689,Voda
255300036765253,8925504500598885671,Voda
255300036765161,8925504500598885663,Voda
255300036765018,8925504500598885655,Voda
255300036764439,8925504500598885648,Voda
255300036764209,8925504500598885630,Voda
255300036762275,8925504500598885614,Voda
255300036762204,8925504500598885606,Voda
255300036761202,8925504500598885598,Voda
255300036761137,8925504500598885580,Voda
255300036760626,8925504500598885572,Voda
255300036767259,8925504500598885713,Voda
255300036766194,8925504500598885705,Voda
255300036767752,8925504500598885747,Voda
255300036767853,8925504500598885754,Voda
255300036768398,8925504500598885762,Voda
255300036767678,8925504500598885739,Voda
255300036767371,8925504500598885721,Voda
255300036772262,8925504500598885846,Voda
255300036774432,8925504500598885879,Voda
255300036773908,8925504500598885861,Voda
255300036772794,8925504500598885853,Voda
255300036772232,8925504500598885838,Voda
255300036771374,8925504500598885820,Voda
255300036771321,8925504500598885812,Voda
255300036770941,8925504500598885804,Voda
255300036770722,8925504500598885796,Voda
255300036769425,8925504500598885788,Voda
255300036777071,8925504500598885929,Voda
255300036769174,8925504500598885770,Voda
255300036775943,8925504500598885895,Voda
255300036777494,8925504500598885937,Voda
255300036778805,8925504500598885945,Voda
255300036780376,8925504500598885952,Voda
255300036780753,8925504500598885960,Voda
255300036774601,8925504500598885887,Voda
255300036781318,8925504500598885994,Voda
255300036785900,8925504500598886067,Voda
255300036776907,8925504500598885911,Voda
255300036776622,8925504500598885903,Voda
255300036785561,8925504500598886059,Voda
255300036785077,8925504500598886042,Voda
255300036784153,8925504500598886026,Voda
255300036783663,8925504500598886018,Voda
255300036782925,8925504500598886000,Voda
255300036780816,8925504500598885986,Voda
255300036780789,8925504500598885978,Voda
255300036689121,8925504500598884104,Voda
255300036689549,8925504500598884112,Voda
255300036786644,8925504500598886083,Voda
255300036696726,8925504500598884260,Voda
255300036692412,8925504500598884179,Voda
255300036693323,8925504500598884195,Voda
255300036694438,8925504500598884211,Voda
255300036694352,8925504500598884203,Voda
255300036696510,8925504500598884245,Voda
255300036698726,8925504500598884294,Voda
255300036699361,8925504500598884302,Voda
255300036697910,8925504500598884278,Voda
255300036700311,8925504500598884310,Voda
255300036696257,8925504500598884237,Voda
255300036700608,8925504500598884328,Voda
255300036695400,8925504500598884229,Voda
255300036692035,8925504500598884161,Voda
255300036690585,8925504500598884146,Voda
255300036689589,8925504500598884120,Voda
255300036707092,8925504500598884468,Voda
255300036706919,8925504500598884450,Voda
255300036704298,8925504500598884427,Voda
255300036701961,8925504500598884393,Voda
255300036702083,8925504500598884401,Voda
255300036704620,8925504500598884435,Voda
255300036705014,8925504500598884443,Voda
255300036701790,8925504500598884377,Voda
255300036707295,8925504500598884476,Voda
255300036701378,8925504500598884351,Voda
255300036708211,8925504500598884492,Voda
255300036701351,8925504500598884344,Voda
255300036709613,8925504500598884526,Voda
255300036689856,8925504500598884138,Voda
255300036716612,8925504500598884674,Voda
255300036709644,8925504500598884534,Voda
255300036709490,8925504500598884518,Voda
255300036708988,8925504500598884500,Voda
255300036707486,8925504500598884484,Voda
255300036713550,8925504500598884617,Voda
255300036712093,8925504500598884567,Voda
255300036703614,8925504500598884419,Voda
255300036721421,8925504500598884740,Voda
255300036713234,8925504500598884609,Voda
255300036711288,8925504500598884542,Voda
255300036719585,8925504500598884724,Voda
255300036719209,8925504500598884716,Voda
255300036715761,8925504500598884641,Voda
255300036715160,8925504500598884633,Voda
255300036714152,8925504500598884625,Voda
255300036713073,8925504500598884591,Voda
255300036712794,8925504500598884583,Voda
255300036729506,8925504500598884880,Voda
255300036729374,8925504500598884864,Voda
255300036718901,8925504500598884708,Voda
255300036718575,8925504500598884690,Voda
255300036727317,8925504500598884849,Voda
255300036728143,8925504500598884856,Voda
255300036725460,8925504500598884815,Voda
255300036725106,8925504500598884807,Voda
255300036723696,8925504500598884799,Voda
255300036723264,8925504500598884773,Voda
255300036730844,8925504500598884922,Voda
255300036729406,8925504500598884872,Voda
255300036725777,8925504500598884831,Voda
255300036731595,8925504500598884963,Voda
255300036730954,8925504500598884930,Voda
255300036732254,8925504500598884989,Voda
255300036732373,8925504500598884997,Voda
255300036730817,8925504500598884914,Voda
255300036733881,8925504500598885036,Voda
255300036733281,8925504500598885028,Voda
255300036733189,8925504500598885010,Voda
255300036732416,8925504500598885002,Voda
255300036736948,8925504500598885085,Voda
255300036731251,8925504500598884955,Voda
255300036736561,8925504500598885077,Voda
255300036736545,8925504500598885069,Voda
255300036756846,8925504500598885515,Voda
255300036758417,8925504500598885549,Voda
255300036720400,8925504500598884732,Voda
255300036795365,8925504500598886257,Voda
255300036802473,8925504500598886422,Voda
255300036809085,8925504500598886562,Voda
255300036814790,8925504500598886737,Voda
255300036822652,8925504500598886927,Voda
255300036827545,8925504500598887057,Voda
255300036737826,8925504500598885119,Voda
255300036748937,8925504500598885341,Voda
255300036748699,8925504500598885333,Voda
255300036784222,8925504500598886034,Voda
255300036786825,8925504500598886091,Voda
255300036786037,8925504500598886075,Voda
255300036696639,8925504500598884252,Voda
255300036698309,8925504500598884286,Voda
255300036701810,8925504500598884385,Voda
255300036692812,8925504500598884187,Voda
255300036691094,8925504500598884153,Voda
255300036712147,8925504500598884575,Voda
255300036711710,8925504500598884559,Voda
255300036716538,8925504500598884666,Voda
255300036716206,8925504500598884658,Voda
255300036721896,8925504500598884757,Voda
255300036725597,8925504500598884823,Voda
255300036722057,8925504500598884765,Voda
255300036730780,8925504500598884906,Voda
255300036717416,8925504500598884682,Voda
255300036735627,8925504500598885044,Voda
255300036730513,8925504500598884898,Voda
255300036736031,8925504500598885051,Voda
255300036731942,8925504500598884971,Voda
255300036737543,8925504500598885093,Voda
255300036759210,8925504500598885564,Voda
255300036652231,8925504500624679437,Voda
255300033393959,8925504500625045745,Voda
255300033395948,8925504500625045778,Voda
255300033396227,8925504500625045794,Voda
255300033395995,8925504500625045786,Voda
255300033395347,8925504500625045760,Voda
255300033395186,8925504500625045752,Voda
255300033392309,8925504500625045729,Voda
255300033393383,8925504500625045737,Voda
255300033392170,8925504500625045711,Voda
255300033396238,8925504500625045802,Voda
255300033396781,8925504500625045828,Voda
255300033396639,8925504500625045810,Voda
255300033397065,8925504500625045869,Voda
255300033396944,8925504500625045851,Voda
255300033396898,8925504500625045844,Voda
255300033396818,8925504500625045836,Voda
255300033397539,8925504500625045885,Voda
255300033397560,8925504500625045893,Voda
255300033397182,8925504500625045877,Voda
255300038766108,8925504500655582104,Voda
255300038766775,8925504500655582138,Voda
255300038770532,8925504500655582245,Voda
255300038770134,8925504500655582229,Voda
255300038766598,8925504500655582120,Voda
255300038767939,8925504500655582179,Voda
255300038768210,8925504500655582195,Voda
255300038768567,8925504500655582203,Voda
255300038770805,8925504500655582260,Voda
255300038773741,8925504500655582310,Voda
255300038772690,8925504500655582286,Voda
255300038773469,8925504500655582302,Voda
255300038772852,8925504500655582294,Voda
255300038770288,8925504500655582237,Voda
255300038769935,8925504500655582211,Voda
255300038768111,8925504500655582187,Voda
255300038767173,8925504500655582161,Voda
255300038766827,8925504500655582146,Voda
255300038775657,8925504500655582344,Voda
255300038775687,8925504500655582351,Voda
255300038774183,8925504500655582328,Voda
255300038776741,8925504500655582401,Voda
255300038777029,8925504500655582427,Voda
255300038778460,8925504500655582435,Voda
255300038778884,8925504500655582450,Voda
255300038776159,8925504500655582393,Voda
255300038775973,8925504500655582385,Voda
255300038775825,8925504500655582377,Voda
255300038775727,8925504500655582369,Voda
255300038780060,8925504500655582484,Voda
255300038779473,8925504500655582476,Voda
255300038779147,8925504500655582468,Voda
255300038775608,8925504500655582336,Voda
255300034638682,8925504500655233823,Voda
255300033698744,8925504500655234094,Voda
255300035078697,8925504500655234086,Voda
255300038979497,8925504500655233955,Voda
255300037823242,8925504500655233930,Voda
255300037838633,8925504500655233948,Voda
255300035399461,8925504500655233997,Voda
255300033354145,8925504500655233963,Voda
255300038950190,8925504500655234029,Voda
255300036684514,8925504500655234045,Voda
255300035040604,8925504500655234078,Voda
255300033648272,8925504500655233807,Voda
255300034030461,8925504500655233815,Voda
255300038408050,8925504500655233849,Voda
255300038933436,8925504500655233856,Voda
255300033876737,8925504500655233864,Voda
255300033945428,8925504500655233872,Voda
255300037613315,8925504500655233880,Voda
255300037324563,8925504500655233831,Voda
255300037509649,8925504500655234060,Voda
255300036149049,8925504500655234037,Voda
255300037281332,8925504500655234011,Voda
255300034063313,8925504500655233971,Voda
255300037874354,8925504500655233898,Voda
255300036530315,8925504500779224104,Voda
255300036583425,8925504500779224807,Voda
255300036576239,8925504500779224708,Voda
255300036573412,8925504500779224682,Voda
255300036571427,8925504500779224658,Voda
255300036569193,8925504500779224609,Voda
255300036565359,8925504500779224567,Voda
255300036565233,8925504500779224559,Voda
255300036564662,8925504500779224542,Voda
255300036564048,8925504500779224534,Voda
255300036563574,8925504500779224518,Voda
255300036562341,8925504500779224484,Voda
255300036561452,8925504500779224468,Voda
255300036556236,8925504500779224443,Voda
255300036550394,8925504500779224401,Voda
255300036550356,8925504500779224393,Voda
255300036548843,8925504500779224369,Voda
255300036547937,8925504500779224351,Voda
255300036547885,8925504500779224336,Voda
255300036547884,8925504500779224328,Voda
255300036544480,8925504500779224278,Voda
255300036542607,8925504500779224245,Voda
255300036540572,8925504500779224237,Voda
255300036540409,8925504500779224229,Voda
255300036538196,8925504500779224179,Voda
255300036536203,8925504500779224146,Voda
255300036630862,8925504500779225499,Voda
255300036629428,8925504500779225465,Voda
255300036625580,8925504500779225432,Voda
255300036622920,8925504500779225416,Voda
255300036614840,8925504500779225325,Voda
255300036609778,8925504500779225267,Voda
255300036609309,8925504500779225218,Voda
255300036608728,8925504500779225200,Voda
255300036608266,8925504500779225184,Voda
255300036605538,8925504500779225143,Voda
255300036604914,8925504500779225135,Voda
255300036603893,8925504500779225127,Voda
255300036603502,8925504500779225119,Voda
255300036601398,8925504500779225101,Voda
255300036600943,8925504500779225093,Voda
255300036598957,8925504500779225044,Voda
255300036595164,8925504500779225002,Voda
255300036593533,8925504500779224989,Voda
255300036593106,8925504500779224971,Voda
255300036592799,8925504500779224963,Voda
255300036591206,8925504500779224948,Voda
255300036589135,8925504500779224922,Voda
255300036588772,8925504500779224914,Voda
255300036587491,8925504500779224872,Voda
255300036585880,8925504500779224849,Voda
255300036684509,8925504500779226091,Voda
255300036680987,8925504500779226067,Voda
255300036679980,8925504500779226042,Voda
255300036678689,8925504500779226034,Voda
255300036676449,8925504500779226018,Voda
255300036676373,8925504500779226000,Voda
255300036672877,8925504500779225978,Voda
255300036668120,8925504500779225945,Voda
255300036667653,8925504500779225937,Voda
255300036666945,8925504500779225929,Voda
255300036666539,8925504500779225911,Voda
255300036665788,8925504500779225903,Voda
255300036660638,8925504500779225861,Voda
255300036660515,8925504500779225846,Voda
255300036655014,8925504500779225762,Voda
255300036653799,8925504500779225721,Voda
255300036651874,8925504500779225705,Voda
255300036648430,8925504500779225655,Voda
255300036647369,8925504500779225630,Voda
255300036638866,8925504500779225572,Voda
255300036636907,8925504500779225549,Voda
255300036632319,8925504500779225515,Voda
255300036531602,8925504500779224112,Voda
255300036583290,8925504500779224799,Voda
255300036582950,8925504500779224781,Voda
255300036582343,8925504500779224773,Voda
255300036582089,8925504500779224765,Voda
255300036581614,8925504500779224757,Voda
255300036581425,8925504500779224740,Voda
255300036579208,8925504500779224732,Voda
255300036577701,8925504500779224724,Voda
255300036576328,8925504500779224716,Voda
255300036574529,8925504500779224690,Voda
255300036572684,8925504500779224674,Voda
255300036571923,8925504500779224666,Voda
255300036570946,8925504500779224641,Voda
255300036570841,8925504500779224633,Voda
255300036570325,8925504500779224625,Voda
255300036570229,8925504500779224617,Voda
255300036568153,8925504500779224591,Voda
255300036567619,8925504500779224583,Voda
255300036567220,8925504500779224575,Voda
255300036563664,8925504500779224526,Voda
255300036563414,8925504500779224500,Voda
255300036563258,8925504500779224492,Voda
255300036562008,8925504500779224476,Voda
255300036561257,8925504500779224450,Voda
255300036555551,8925504500779224435,Voda
255300036552414,8925504500779224427,Voda
255300036550781,8925504500779224419,Voda
255300036549337,8925504500779224385,Voda
255300036548892,8925504500779224377,Voda
255300036547896,8925504500779224344,Voda
255300036546257,8925504500779224310,Voda
255300036545468,8925504500779224302,Voda
255300036545186,8925504500779224294,Voda
255300036544682,8925504500779224286,Voda
255300036543625,8925504500779224260,Voda
255300036543090,8925504500779224252,Voda
255300036540355,8925504500779224211,Voda
255300036539849,8925504500779224203,Voda
255300036539656,8925504500779224195,Voda
255300036538956,8925504500779224187,Voda
255300036537913,8925504500779224161,Voda
255300036537866,8925504500779224153,Voda
255300036534206,8925504500779224138,Voda
255300036532076,8925504500779224120,Voda
255300036630272,8925504500779225481,Voda
255300036630189,8925504500779225473,Voda
255300036627058,8925504500779225457,Voda
255300036626777,8925504500779225440,Voda
255300036623720,8925504500779225424,Voda
255300036621456,8925504500779225408,Voda
255300036621425,8925504500779225390,Voda
255300036621281,8925504500779225382,Voda
255300036619774,8925504500779225374,Voda
255300036618363,8925504500779225366,Voda
255300036617927,8925504500779225358,Voda
255300036616216,8925504500779225341,Voda
255300036616208,8925504500779225333,Voda
255300036613938,8925504500779225317,Voda
255300036613049,8925504500779225309,Voda
255300036611532,8925504500779225291,Voda
255300036611529,8925504500779225283,Voda
255300036611058,8925504500779225275,Voda
255300036609642,8925504500779225259,Voda
255300036609627,8925504500779225242,Voda
255300036609602,8925504500779225234,Voda
255300036609507,8925504500779225226,Voda
255300036608460,8925504500779225192,Voda
255300036607489,8925504500779225176,Voda
255300036607080,8925504500779225168,Voda
255300036606397,8925504500779225150,Voda
255300036600518,8925504500779225085,Voda
255300036600374,8925504500779225077,Voda
255300036600296,8925504500779225069,Voda
255300036599292,8925504500779225051,Voda
255300036596346,8925504500779225036,Voda
255300036596316,8925504500779225028,Voda
255300036596088,8925504500779225010,Voda
255300036594740,8925504500779224997,Voda
255300036591859,8925504500779224955,Voda
255300036589693,8925504500779224930,Voda
255300036588467,8925504500779224906,Voda
255300036587621,8925504500779224898,Voda
255300036587502,8925504500779224880,Voda
255300036586852,8925504500779224864,Voda
255300036586631,8925504500779224856,Voda
255300036585691,8925504500779224831,Voda
255300036584219,8925504500779224823,Voda
255300036583964,8925504500779224815,Voda
255300036683141,8925504500779226083,Voda
255300036681720,8925504500779226075,Voda
255300036680906,8925504500779226059,Voda
255300036678408,8925504500779226026,Voda
255300036676111,8925504500779225994,Voda
255300036674279,8925504500779225986,Voda
255300036670077,8925504500779225960,Voda
255300036669261,8925504500779225952,Voda
255300036664794,8925504500779225895,Voda
255300036664314,8925504500779225887,Voda
255300036663110,8925504500779225879,Voda
255300036660570,8925504500779225853,Voda
255300036659910,8925504500779225838,Voda
255300036658307,8925504500779225820,Voda
255300036656743,8925504500779225812,Voda
255300036656415,8925504500779225804,Voda
255300036655634,8925504500779225796,Voda
255300036655524,8925504500779225788,Voda
255300036655189,8925504500779225770,Voda
255300036654993,8925504500779225754,Voda
255300036654797,8925504500779225747,Voda
255300036654283,8925504500779225739,Voda
255300036652080,8925504500779225713,Voda
255300036651772,8925504500779225697,Voda
255300036650598,8925504500779225689,Voda
255300036648857,8925504500779225671,Voda
255300036648677,8925504500779225663,Voda
255300036647951,8925504500779225648,Voda
255300036645748,8925504500779225622,Voda
255300036643116,8925504500779225614,Voda
255300036640962,8925504500779225606,Voda
255300036640123,8925504500779225598,Voda
255300036639697,8925504500779225580,Voda
255300036637939,8925504500779225564,Voda
255300036637221,8925504500779225556,Voda
255300036636078,8925504500779225531,Voda
255300036633791,8925504500779225523,Voda
255300036631489,8925504500779225507,Voda
255300035795019,8925504500855022851,Voda
255300036826140,8925504500779228113,Voda
255300033622172,8925504500854958477,Voda
255300033621638,8925504500854958469,Voda
255300035865935,8925504500855024444,Voda
255300035865486,8925504500855024436,Voda
255300035865453,8925504500855024428,Voda
255300035864897,8925504500855024410,Voda
255300035864726,8925504500855024402,Voda
255300035864598,8925504500855024394,Voda
255300035864499,8925504500855024386,Voda
255300035863950,8925504500855024378,Voda
255300035863241,8925504500855024360,Voda
255300035863148,8925504500855024352,Voda
255300038586517,8925504500855081196,Voda
255300038586349,8925504500855081188,Voda
255300038585267,8925504500855081170,Voda
255300038585226,8925504500855081162,Voda
255300038585033,8925504500855081154,Voda
255300038583668,8925504500855081147,Voda
255300038583442,8925504500855081139,Voda
255300038583209,8925504500855081121,Voda
255300038582992,8925504500855081113,Voda
255300038582556,8925504500855081105,Voda
255300035800014,8925504500855022943,Voda
255300035799785,8925504500855022935,Voda
255300035799493,8925504500855022927,Voda
255300035799232,8925504500855022919,Voda
255300035798198,8925504500855022893,Voda
255300035797598,8925504500855022885,Voda
255300035797343,8925504500855022877,Voda
255300035796431,8925504500855022869,Voda
255300035298366,8925504500855318093,Voda
255300035289363,8925504500855317848,Voda
255300035289269,8925504500855317830,Voda
255300037791238,8925504500855585287,Voda
255300037794024,8925504500855585337,Voda
255300037802051,8925504500855585444,Voda
255300037813810,8925504500855585683,Voda
255300037798001,8925504500855585402,Voda
255300037793040,8925504500855585311,Voda
255300037797162,8925504500855585386,Voda
255300037796887,8925504500855585360,Voda
255300037804922,8925504500855585543,Voda
255300037813495,8925504500855585659,Voda
255300037808753,8925504500855585584,Voda
255300037814166,8925504500855585691,Voda
255300037791950,8925504500855585303,Voda
255300037801550,8925504500855585436,Voda
255300037817576,8925504500855585840,Voda
255300037891476,8925504500855587143,Voda
255300037791397,8925504500855585295,Voda
255300037809083,8925504500855585592,Voda
255300037813777,8925504500855585675,Voda
255300037893467,8925504500855587184,Voda
255300037795311,8925504500855585352,Voda
255300037812398,8925504500855585626,Voda
255300037814209,8925504500855585709,Voda
255300037817446,8925504500855585824,Voda
255300037795026,8925504500855585345,Voda
255300037803294,8925504500855585477,Voda
255300037818971,8925504500855585857,Voda
255300037815324,8925504500855585741,Voda
255300037822208,8925504500855585873,Voda
255300037815977,8925504500855585774,Voda
255300037819899,8925504500855585865,Voda
255300037891957,8925504500855587150,Voda
255300037813078,8925504500855585642,Voda
255300037801169,8925504500855585410,Voda
255300037805420,8925504500855585568,Voda
255300037822474,8925504500855585881,Voda
255300037802616,8925504500855585469,Voda
255300037812972,8925504500855585634,Voda
255300037811708,8925504500855585618,Voda
255300037813529,8925504500855585667,Voda
255300037797364,8925504500855585394,Voda
255300037804081,8925504500855585519,Voda
255300037805200,8925504500855585550,Voda
255300037816241,8925504500855585782,Voda
255300037804012,8925504500855585501,Voda
255300037814360,8925504500855585725,Voda
255300037797043,8925504500855585378,Voda
255300037817122,8925504500855585808,Voda
255300037810294,8925504500855585600,Voda
255300037815945,8925504500855585758,Voda
255300037893741,8925504500855587192,Voda
255300037806315,8925504500855585576,Voda
255300037816534,8925504500855585790,Voda
255300037803952,8925504500855585493,Voda
255300037804606,8925504500855585527,Voda
255300037894793,8925504500855587200,Voda
255300037815965,8925504500855585766,Voda
255300037801278,8925504500855585428,Voda
255300037804796,8925504500855585535,Voda
255300037823401,8925504500855585915,Voda
255300037815290,8925504500855585733,Voda
255300037817219,8925504500855585816,Voda
255300037895202,8925504500855587218,Voda
255300037897180,8925504500855587242,Voda
255300037899200,8925504500855587275,Voda
255300037897105,8925504500855587234,Voda
255300037898299,8925504500855587267,Voda
255300037895882,8925504500855587226,Voda
255300037906508,8925504500855587366,Voda
255300037902969,8925504500855587309,Voda
255300037908001,8925504500855587382,Voda
255300037905860,8925504500855587333,Voda
255300037899272,8925504500855587283,Voda
255300037900780,8925504500855587291,Voda
255300037897310,8925504500855587259,Voda
255300037904446,8925504500855587325,Voda
255300037903419,8925504500855587317,Voda
255300037910957,8925504500855587481,Voda
255300037906252,8925504500855587341,Voda
255300037909110,8925504500855587432,Voda
255300037916392,8925504500855587572,Voda
255300037908339,8925504500855587390,Voda
255300037907984,8925504500855587374,Voda
255300037908452,8925504500855587408,Voda
255300037908800,8925504500855587416,Voda
255300037910109,8925504500855587473,Voda
255300037909748,8925504500855587440,Voda
255300037909776,8925504500855587457,Voda
255300037909827,8925504500855587465,Voda
255300037913885,8925504500855587549,Voda
255300037859016,8925504500855586541,Voda
255300037738361,8925504500855584165,Voda
255300037739165,8925504500855584181,Voda
255300037906415,8925504500855587358,Voda
255300037908862,8925504500855587424,Voda
255300037913112,8925504500855587515,Voda
255300037913880,8925504500855587531,Voda
255300037914891,8925504500855587564,Voda
255300037914346,8925504500855587556,Voda
255300037913676,8925504500855587523,Voda
255300037911707,8925504500855587499,Voda
255300037858057,8925504500855586525,Voda
255300037857901,8925504500855586509,Voda
255300037918517,8925504500855587598,Voda
255300037857967,8925504500855586517,Voda
255300037732827,8925504500855584108,Voda
255300037736579,8925504500855584140,Voda
255300037858738,8925504500855586533,Voda
255300037739332,8925504500855584199,Voda
255300037912360,8925504500855587507,Voda
255300037733642,8925504500855584116,Voda
255300037735583,8925504500855584124,Voda
255300037735939,8925504500855584132,Voda
255300037916928,8925504500855587580,Voda
255300037738284,8925504500855584157,Voda
255300037739038,8925504500855584173,Voda
255300037739432,8925504500855584215,Voda
255300037739383,8925504500855584207,Voda
255300037740104,8925504500855584231,Voda
255300037739713,8925504500855584223,Voda
255300037740376,8925504500855584249,Voda
255300037741943,8925504500855584272,Voda
255300037742392,8925504500855584280,Voda
255300037742498,8925504500855584298,Voda
255300037743280,8925504500855584306,Voda
255300037740513,8925504500855584256,Voda
255300037741460,8925504500855584264,Voda
255300037748021,8925504500855584330,Voda
255300037747287,8925504500855584322,Voda
255300037751097,8925504500855584371,Voda
255300037751477,8925504500855584389,Voda
255300037746194,8925504500855584314,Voda
255300037751899,8925504500855584405,Voda
255300037751667,8925504500855584397,Voda
255300037753404,8925504500855584504,Voda
255300037752968,8925504500855584462,Voda
255300037753066,8925504500855584488,Voda
255300037751987,8925504500855584421,Voda
255300037751944,8925504500855584413,Voda
255300037752042,8925504500855584439,Voda
255300037754149,8925504500855584520,Voda
255300037752281,8925504500855584447,Voda
255300037753558,8925504500855584512,Voda
255300037758455,8925504500855584645,Voda
255300037757735,8925504500855584637,Voda
255300037756249,8925504500855584603,Voda
255300037756205,8925504500855584595,Voda
255300037755922,8925504500855584587,Voda
255300037754438,8925504500855584538,Voda
255300037753301,8925504500855584496,Voda
255300037753049,8925504500855584470,Voda
255300037754629,8925504500855584553,Voda
255300037748819,8925504500855584348,Voda
255300037763456,8925504500855584744,Voda
255300037755571,8925504500855584579,Voda
255300037752578,8925504500855584454,Voda
255300037757003,8925504500855584629,Voda
255300037763475,8925504500855584751,Voda
255300037754447,8925504500855584546,Voda
255300037750091,8925504500855584363,Voda
255300037759352,8925504500855584660,Voda
255300037760830,8925504500855584702,Voda
255300037823546,8925504500855585923,Voda
255300037765711,8925504500855584819,Voda
255300037765416,8925504500855584793,Voda
255300037763522,8925504500855584769,Voda
255300037764119,8925504500855584777,Voda
255300037762265,8925504500855584728,Voda
255300037749074,8925504500855584355,Voda
255300037756966,8925504500855584611,Voda
255300037762341,8925504500855584736,Voda
255300037760109,8925504500855584686,Voda
255300037760384,8925504500855584694,Voda
255300037764187,8925504500855584785,Voda
255300037824876,8925504500855585964,Voda
255300037766357,8925504500855584827,Voda
255300037761591,8925504500855584710,Voda
255300037824956,8925504500855585972,Voda
255300037826479,8925504500855586004,Voda
255300037826340,8925504500855585998,Voda
255300037826736,8925504500855586012,Voda
255300037826852,8925504500855586020,Voda
255300037827283,8925504500855586038,Voda
255300037759944,8925504500855584678,Voda
255300037759150,8925504500855584652,Voda
255300037825661,8925504500855585980,Voda
255300037824426,8925504500855585949,Voda
255300037824754,8925504500855585956,Voda
255300037765703,8925504500855584801,Voda
255300037828299,8925504500855586053,Voda
255300037828375,8925504500855586061,Voda
255300037827909,8925504500855586046,Voda
255300037828887,8925504500855586079,Voda
255300037823975,8925504500855585931,Voda
255300037829984,8925504500855586087,Voda
255300037831421,8925504500855586095,Voda
255300037860800,8925504500855586608,Voda
255300037861704,8925504500855586624,Voda
255300037861979,8925504500855586632,Voda
255300037863259,8925504500855586657,Voda
255300037861555,8925504500855586616,Voda
255300037862046,8925504500855586640,Voda
255300037863414,8925504500855586665,Voda
255300037864304,8925504500855586699,Voda
255300037870327,8925504500855586772,Voda
255300037870881,8925504500855586780,Voda
255300037863598,8925504500855586673,Voda
255300037863614,8925504500855586681,Voda
255300037866224,8925504500855586723,Voda
255300037865132,8925504500855586715,Voda
255300037864817,8925504500855586707,Voda
255300037866468,8925504500855586731,Voda
255300037871436,8925504500855586806,Voda
255300037869795,8925504500855586764,Voda
255300037868339,8925504500855586749,Voda
255300037872106,8925504500855586822,Voda
255300037872703,8925504500855586830,Voda
255300037875243,8925504500855586863,Voda
255300037882265,8925504500855586962,Voda
255300037880703,8925504500855586939,Voda
255300037868957,8925504500855586756,Voda
255300037871272,8925504500855586798,Voda
255300037871648,8925504500855586814,Voda
255300037878860,8925504500855586913,Voda
255300037878538,8925504500855586905,Voda
255300037878090,8925504500855586889,Voda
255300037877874,8925504500855586871,Voda
255300037875082,8925504500855586855,Voda
255300037878394,8925504500855586897,Voda
255300037873341,8925504500855586848,Voda
255300037879267,8925504500855586921,Voda
255300037890540,8925504500855587135,Voda
255300037885784,8925504500855587051,Voda
255300037883883,8925504500855587002,Voda
255300037885449,8925504500855587036,Voda
255300037883929,8925504500855587010,Voda
255300037883683,8925504500855586996,Voda
255300037881494,8925504500855586954,Voda
255300037882876,8925504500855586970,Voda
255300037880823,8925504500855586947,Voda
255300037884101,8925504500855587028,Voda
255300037890246,8925504500855587127,Voda
255300037887745,8925504500855587077,Voda
255300037767257,8925504500855584868,Voda
255300037889134,8925504500855587101,Voda
255300037889811,8925504500855587119,Voda
255300037772097,8925504500855584918,Voda
255300037770537,8925504500855584892,Voda
255300037883090,8925504500855586988,Voda
255300037888142,8925504500855587085,Voda
255300037766470,8925504500855584835,Voda
255300037772722,8925504500855584926,Voda
255300037771503,8925504500855584900,Voda
255300037886775,8925504500855587069,Voda
255300037773246,8925504500855584942,Voda
255300037772744,8925504500855584934,Voda
255300037885501,8925504500855587044,Voda
255300037770532,8925504500855584884,Voda
255300037773570,8925504500855584959,Voda
255300037775140,8925504500855584983,Voda
255300037766710,8925504500855584843,Voda
255300037774760,8925504500855584975,Voda
255300037774485,8925504500855584967,Voda
255300037766739,8925504500855584850,Voda
255300037779570,8925504500855585030,Voda
255300037779174,8925504500855585022,Voda
255300037778374,8925504500855585014,Voda
255300037782259,8925504500855585097,Voda
255300037782079,8925504500855585071,Voda
255300037782121,8925504500855585089,Voda
255300037782347,8925504500855585105,Voda
255300037782008,8925504500855585063,Voda
255300037784831,8925504500855585170,Voda
255300037782395,8925504500855585113,Voda
255300037782834,8925504500855585147,Voda
255300037783615,8925504500855585154,Voda
255300037786829,8925504500855585204,Voda
255300037781177,8925504500855585055,Voda
255300037778205,8925504500855585006,Voda
255300037788953,8925504500855585246,Voda
255300037787627,8925504500855585220,Voda
255300037782486,8925504500855585121,Voda
255300037787173,8925504500855585212,Voda
255300037784047,8925504500855585162,Voda
255300037786084,8925504500855585196,Voda
255300037788183,8925504500855585238,Voda
255300037785276,8925504500855585188,Voda
255300037782647,8925504500855585139,Voda
255300037790433,8925504500855585279,Voda
255300037777209,8925504500855584991,Voda
255300037781142,8925504500855585048,Voda
255300037755187,8925504500855584561,Voda
255300037789957,8925504500855585261,Voda
255300037892428,8925504500855587168,Voda
255300037793905,8925504500855585329,Voda
255300037822860,8925504500855585907,Voda
255300037802604,8925504500855585451,Voda
255300037817552,8925504500855585832,Voda
255300037803564,8925504500855585485,Voda
255300037889015,8925504500855587093,Voda
255300037769908,8925504500855584876,Voda
255300037892538,8925504500855587176,Voda
255300037822859,8925504500855585899,Voda
255300037814284,8925504500855585717,Voda
255300037789296,8925504500855585253,Voda
255300038872143,8925504500911856656,Voda
255300038863890,8925504500911856441,Voda
255300033563427,8925504500911598910,Voda
255300033563162,8925504500911598902,Voda
255300033568322,8925504500911599009,Voda
255300033569312,8925504500911599033,Voda
255300033288310,8925504500911592285,Voda
255300033566279,8925504500911598969,Voda
255300033564393,8925504500911598928,Voda
255300033943849,8925504500911618460,Voda
255300033569610,8925504500911599041,Voda
255300033279883,8925504500911592111,Voda
255300033569951,8925504500911599058,Voda
255300033567523,8925504500911598985,Voda
255300033561022,8925504500911598878,Voda
255300033946132,8925504500911618528,Voda
255300033287859,8925504500911592269,Voda
255300033570106,8925504500911599074,Voda
255300033290729,8925504500911592327,Voda
255300033284840,8925504500911592210,Voda
255300033944882,8925504500911618502,Voda
255300033292222,8925504500911592343,Voda
255300033560806,8925504500911598860,Voda
255300033279778,8925504500911592103,Voda
255300033570861,8925504500911599082,Voda
255300033944677,8925504500911618494,Voda
255300033287125,8925504500911592244,Voda
255300033290211,8925504500911592301,Voda
255300033944560,8925504500911618486,Voda
255300033280693,8925504500911592152,Voda
255300033280134,8925504500911592129,Voda
255300033568471,8925504500911599025,Voda
255300038862444,8925504500911856391,Voda
255300036814271,8925504500598886711,Voda
255300038859314,8925504500911856359,Voda
255300038871693,8925504500911856649,Voda
255300038868549,8925504500911856565,Voda
255300038866556,8925504500911856490,Voda
255300038862676,8925504500911856417,Voda
255300038863434,8925504500911856425,Voda
255300038875589,8925504500911856722,Voda
255300038864566,8925504500911856466,Voda
255300038880849,8925504500911856821,Voda
255300038865930,8925504500911856474,Voda
255300038878589,8925504500911856797,Voda
255300038863902,8925504500911856458,Voda
255300038881489,8925504500911856847,Voda
255300038875782,8925504500911856748,Voda
255300038868141,8925504500911856540,Voda
255300038873996,8925504500911856698,Voda
255300038876505,8925504500911856755,Voda
255300038867445,8925504500911856516,Voda
255300038860573,8925504500911856375,Voda
255300038867628,8925504500911856524,Voda
255300038871500,8925504500911856623,Voda
255300038866953,8925504500911856508,Voda
255300038868547,8925504500911856557,Voda
255300038871554,8925504500911856631,Voda
255300038881255,8925504500911856839,Voda
255300038866159,8925504500911856482,Voda
255300038867749,8925504500911856532,Voda
255300038875320,8925504500911856714,Voda
255300038863846,8925504500911856433,Voda
255300038877023,8925504500911856763,Voda
255300038862643,8925504500911856409,Voda
255300038869923,8925504500911856607,Voda
255300038878576,8925504500911856789,Voda
255300038875744,8925504500911856730,Voda
255300038873938,8925504500911856680,Voda
255300038873480,8925504500911856664,Voda
255300038859791,8925504500911856367,Voda
255300038869331,8925504500911856581,Voda
255300038879084,8925504500911856805,Voda
255300038877482,8925504500911856771,Voda
255300038871158,8925504500911856615,Voda
255300038860614,8925504500911856383,Voda
255300038880613,8925504500911856813,Voda
255300038869453,8925504500911856599,Voda
255300038874246,8925504500911856706,Voda
255300038873877,8925504500911856672,Voda
255300033560094,8925504500911598852,Voda
255300033288200,8925504500911592277,Voda
255300033943365,8925504500911618452,Voda
255300033290720,8925504500911592319,Voda
255300033570067,8925504500911599066,Voda
255300033945320,8925504500911618510,Voda
255300033280147,8925504500911592137,Voda
255300033564418,8925504500911598936,Voda
255300033561227,8925504500911598886,Voda
255300033281192,8925504500911592160,Voda
255300033281546,8925504500911592178,Voda
255300033566050,8925504500911598951,Voda
255300033288669,8925504500911592293,Voda
255300033566373,8925504500911598977,Voda
255300033280255,8925504500911592145,Voda
255300033291220,8925504500911592335,Voda
255300033286851,8925504500911592236,Voda
255300033283832,8925504500911592202,Voda
255300033568192,8925504500911598993,Voda
255300033946568,8925504500911618536,Voda
255300033946610,8925504500911618544,Voda
255300033281646,8925504500911592186,Voda
255300033564949,8925504500911598944,Voda
255300033944485,8925504500911618478,Voda
255300033561324,8925504500911598894,Voda
255300033287486,8925504500911592251,Voda
255300033568441,8925504500911599017,Voda
255300038869052,8925504500911856573,Voda
255300033570953,8925504500911599090,Voda
255300033285848,8925504500911592228,Voda
255300033282092,8925504500911592194,Voda
300010404200,892550503000572337,Airtel
300010404201,892550503000572332,Airtel
300010404202,892550503000572328,Airtel
300010404203,892550503000572321,Airtel
300010404205,892550503000572314,Airtel
300010404206,892550503000572313,Airtel
300010404210,892550503000572290,Airtel
300010404212,892550503000572285,Airtel
300010404213,892550503000572283,Airtel
300010404214,892550503000572281,Airtel
300010404215,892550503000572273,Airtel
300010404216,892550503000572270,Airtel
300010404217,892550503000572259,Airtel
300010404218,892550503000572257,Airtel
300010404219,892550503000572250,Airtel
300010404220,892550503000572243,Airtel
300010404221,892550503000573591,Airtel
300010404222,892550503000573588,Airtel
300010404223,892550503000573586,Airtel
300010404225,892550503000573577,Airtel
300010404226,892550503000573575,Airtel
300010404227,892550503000573572,Airtel
300010404228,892550503000573568,Airtel
300010404230,892550503000573565,Airtel
300010404231,892550503000573564,Airtel
300010404232,892550503000573563,Airtel
300010404233,892550503000573561,Airtel
300010404234,892550503000573560,Airtel
300010404235,892550503000573559,Airtel
300010404237,892550503000573556,Airtel
300010404238,892550503000573550,Airtel
300010404239,892550503000573548,Airtel
300010404240,892550503000573546,Airtel
300010404242,892550503000573541,Airtel
300010404244,892550503000573539,Airtel
300010404245,892550503000573538,Airtel
300010404246,892550503000573536,Airtel
300010404248,892550503000573529,Airtel
300010404250,892550503000573522,Airtel
300010404251,892550503000573520,Airtel
300010404252,892550503000573519,Airtel
300010404253,892550503000573518,Airtel
300010404254,892550503000573516,Airtel
300010404255,892550503000573513,Airtel
300010404256,892550503000573505,Airtel
300010404257,892550503000573503,Airtel
300010404258,892550503000573498,Airtel
300010404259,892550503000573496,Airtel
300010404260,892550503000573486,Airtel
300010404261,892550503000573475,Airtel
300010404262,892550503000573465,Airtel
300010404263,892550503000573456,Airtel
300010404264,892550503000573453,Airtel
300010404265,892550503000573451,Airtel
300010404266,892550503000573448,Airtel
300010404267,892550503000573447,Airtel
300010404292,892550503000573366,Airtel
300010404293,892550503000573362,Airtel
300010404296,892550503000573078,Airtel
300010404297,892550503000573071,Airtel
300010404298,892550503000573068,Airtel
300010404299,892550503000573065,Airtel
300010404300,892550503000573064,Airtel
300010404301,892550503000573061,Airtel
300010404302,892550503000573054,Airtel
300010404303,892550503000573048,Airtel
300010404304,892550503000573043,Airtel
300010404305,892550503000573040,Airtel
300010404306,892550503000573039,Airtel
300010404307,892550503000573034,Airtel
300010404308,892550503000573023,Airtel
300010404309,892550503000573019,Airtel
300010404310,892550503000573016,Airtel
300010404311,892550503000573015,Airtel
300010404312,892550503000573014,Airtel
300010404313,892550503000573013,Airtel
300010404314,892550503000573012,Airtel
300010404315,892550503000573011,Airtel
300010404316,892550503000573010,Airtel
300010404317,892550503000573008,Airtel
300010404318,892550503000573007,Airtel
300010404319,892550503000573005,Airtel
300010404321,892550503000573003,Airtel
300010404323,892550503000572997,Airtel
300010404324,892550503000572996,Airtel
300010404325,892550503000572994,Airtel
300010404326,892550503000572993,Airtel
300010404327,892550503000572991,Airtel
300010404328,892550503000572990,Airtel
300010404329,892550503000572989,Airtel
300010404330,892550503000572988,Airtel
300010404331,892550503000572986,Airtel
300010404333,892550503000572978,Airtel
300010404334,892550503000572977,Airtel
300010404337,892550503000572971,Airtel
300010404338,892550503000572970,Airtel
300010404339,892550503000572969,Airtel
300010404340,892550503000572967,Airtel
300010404341,892550503000572966,Airtel
300010404342,892550503000572964,Airtel
300010404343,892550503000572963,Airtel
300010404344,892550503000572961,Airtel
300010404345,892550503000572960,Airtel
300010404346,892550503000572959,Airtel
300010404347,892550503000572958,Airtel
300010404349,892550503000572949,Airtel
300010404350,892550503000572944,Airtel
300010404351,892550503000572941,Airtel
300010404352,892550503000572939,Airtel
300010404353,892550503000572938,Airtel
300010404354,892550503000572934,Airtel
300010404355,892550503000572928,Airtel
300010404356,892550503000572921,Airtel
300010404358,892550503000572916,Airtel
300010404359,892550503000572913,Airtel
300010404360,892550503000572911,Airtel
300010404361,892550503000572907,Airtel
300010404362,892550503000572905,Airtel
300010404363,892550503000572904,Airtel
300010404364,892550503000572898,Airtel
300010404366,892550503000572892,Airtel
300010404367,892550503000572889,Airtel
300010404368,892550503000572888,Airtel
300010404369,892550503000572882,Airtel
300010404370,892550503000572874,Airtel
300010404371,892550503000572870,Airtel
300010404372,892550503000572867,Airtel
300010404373,892550503000572860,Airtel
300010404374,892550503000572858,Airtel
300010404375,892550503000572855,Airtel
300010404376,892550503000572854,Airtel
300010404377,892550503000572851,Airtel
300010404378,892550503000572848,Airtel
300010404380,892550503000572832,Airtel
300010404381,892550503000572830,Airtel
300010404383,892550503000572821,Airtel
300010404384,892550503000572818,Airtel
300010404385,892550503000572811,Airtel
300010404387,892550503000572797,Airtel
300010404388,892550503000572796,Airtel
300010404391,892550503000572790,Airtel
300010404392,892550503000572784,Airtel
300010404393,892550503000572783,Airtel
300010404394,892550503000572782,Airtel
300010404395,892550503000572780,Airtel
300010404397,892550503000572776,Airtel
300010404398,892550503000572770,Airtel
300010404399,892550503000572765,Airtel
300010404400,892550503000572764,Airtel
300010404401,892550503000572763,Airtel
300010404402,892550503000572761,Airtel
300010404403,892550503000572760,Airtel
300010404405,892550503000572748,Airtel
300010404406,892550503000572737,Airtel
300010404407,892550503000572728,Airtel
300010404408,892550503000572727,Airtel
300010404409,892550503000572715,Airtel
300010404410,892550503000572709,Airtel
300010404412,892550503000572707,Airtel
300010404413,892550503000572704,Airtel
300010404415,892550503000572700,Airtel
300010404416,892550503000572695,Airtel
300010404417,892550503000572694,Airtel
300010404419,892550503000572688,Airtel
300010404420,892550503000572686,Airtel
300010404421,892550503000572678,Airtel
300010404422,892550503000572672,Airtel
300010404423,892550503000572671,Airtel
300010404424,892550503000572668,Airtel
300010404425,892550503000572666,Airtel
300010404426,892550503000572658,Airtel
300010404427,892550503000572656,Airtel
300010404428,892550503000572652,Airtel
300010404429,892550503000572649,Airtel
300010404430,892550503000572648,Airtel
300010404431,892550503000572644,Airtel
300010404432,892550503000572637,Airtel
300010404433,892550503000572633,Airtel
300010404434,892550503000572630,Airtel
300010404435,892550503000572627,Airtel
300010404436,892550503000572624,Airtel
300010404437,892550503000572621,Airtel
300010404438,892550503000572615,Airtel
300010404439,892550503000572614,Airtel
300010404440,892550503000572607,Airtel
300010404442,892550503000572601,Airtel
300010404443,892550503000572600,Airtel
300010404444,892550503000572599,Airtel
300010404445,892550503000572558,Airtel
300010404446,892550503000572554,Airtel
300010404447,892550503000572271,Airtel
300010404450,892550503000573554,Airtel
300010404451,892550503000573549,Airtel
300010404454,892550503000573046,Airtel
300010404455,892550503000572746,Airtel
300010404456,892550503000572736,Airtel
300010404460,892550503000573480,Airtel
300010404474,892550503000573449,Airtel
300010404479,892550503000573084,Airtel
300010404480,892550503000573083,Airtel
300010404483,892550503000573079,Airtel
300010404484,892550503000573076,Airtel
300010404485,892550503000573075,Airtel
300010404486,892550503000573074,Airtel
300010404487,892550503000573073,Airtel
300010404488,892550503000573070,Airtel
300010404489,892550503000573067,Airtel
300010404491,892550503000573042,Airtel
300010404492,892550503000573041,Airtel
300010404493,892550503000573038,Airtel
300010404494,892550503000573037,Airtel
300010404495,892550503000573035,Airtel
300010404496,892550503000573033,Airtel
300010404497,892550503000573032,Airtel
300010404499,892550503000573029,Airtel
300010404500,892550503000573027,Airtel
300010404501,892550503000573026,Airtel
300010404502,892550503000573020,Airtel
300010404503,892550503000573018,Airtel
300010404504,892550503000573009,Airtel
300010404505,892550503000573002,Airtel
300010404506,892550503000573001,Airtel
300010404507,892550503000572995,Airtel
300010404508,892550503000572987,Airtel
300010404509,892550503000572985,Airtel
300010404510,892550503000572984,Airtel
300010404511,892550503000572983,Airtel
300010404513,892550503000572980,Airtel
300010404514,892550503000572852,Airtel
300010404515,892550503000572849,Airtel
300010404516,892550503000572847,Airtel
300010404517,892550503000572846,Airtel
300010404518,892550503000572845,Airtel
300010404519,892550503000572843,Airtel
300010404521,892550503000572840,Airtel
300010404522,892550503000572839,Airtel
300010404523,892550503000572838,Airtel
300010404525,892550503000572836,Airtel
300010404527,892550503000572834,Airtel
300010404528,892550503000572833,Airtel
300010404529,892550503000572831,Airtel
300010404530,892550503000572827,Airtel
300010404531,892550503000572826,Airtel
300010404532,892550503000572825,Airtel
300010404533,892550503000572822,Airtel
300010404534,892550503000573537,Airtel
300010404536,892550503000573521,Airtel
300010404537,892550503000573510,Airtel
300010404538,892550503000573504,Airtel
300010404539,892550503000573487,Airtel
300010404540,892550503000573458,Airtel
300010404546,892550503000572820,Airtel
300010404548,892550503000572816,Airtel
300010404550,892550503000572812,Airtel
300010404552,892550503000572809,Airtel
300010404554,892550503000572807,Airtel
300010404555,892550503000572804,Airtel
300010404556,892550503000572802,Airtel
300010404558,892550503000572800,Airtel
300010404560,892550503000572788,Airtel
300010404561,892550503000573590,Airtel
300010404562,892550503000573589,Airtel
300010404563,892550503000573587,Airtel
300010404564,892550503000573584,Airtel
300010404567,892550503000573579,Airtel
300010404568,892550503000573578,Airtel
300010404569,892550503000572787,Airtel
300010404570,892550503000572786,Airtel
300010404571,892550503000572785,Airtel
300010404572,892550503000572778,Airtel
300010404573,892550503000572777,Airtel
300010404574,892550503000572774,Airtel
300010404575,892550503000572773,Airtel
300010404577,892550503000572768,Airtel
300010404578,892550503000572766,Airtel
300010404579,892550503000572757,Airtel
300010404582,892550503000572754,Airtel
300010404584,892550503000573566,Airtel
300010404585,892550503000572750,Airtel
300010404586,892550503000572749,Airtel
300010404587,892550503000573557,Airtel
300010404588,892550503000573553,Airtel
300010404589,892550503000573552,Airtel
300010404593,892550503000573530,Airtel
300010404594,892550503000573526,Airtel
300010404595,892550503000573525,Airtel
300010404596,892550503000573511,Airtel
300010404598,892550503000573506,Airtel
300010404599,892550503000573497,Airtel
300010404600,892550503000573495,Airtel
300010404601,892550503000573494,Airtel
300010404602,892550503000573492,Airtel
300010404603,892550503000573491,Airtel
300010404605,892550503000573484,Airtel
300010404609,892550503000573474,Airtel
300010404611,892550503000573472,Airtel
300010404612,892550503000573471,Airtel
300010404613,892550503000573470,Airtel
300010404614,892550503000573469,Airtel
300010404617,892550503000573460,Airtel
300010404619,892550503000573455,Airtel
300010404620,892550503000573450,Airtel
300010404621,892550503000573443,Airtel
300010404622,892550503000573442,Airtel
300010404656,892550503000572732,Airtel
300010404657,892550503000572730,Airtel
300010404658,892550503000572729,Airtel
300010404659,892550503000572726,Airtel
300010404661,892550503000572724,Airtel
300010404662,892550503000572723,Airtel
300010404665,892550503000572719,Airtel
300010404667,892550503000572717,Airtel
300010404668,892550503000572716,Airtel
300010404670,892550503000573370,Airtel
300010404671,892550503000573369,Airtel
300010404672,892550503000573367,Airtel
300010404673,892550503000573365,Airtel
300010404674,892550503000573364,Airtel
300010404687,892550503000573342,Airtel
300010404689,892550503000572710,Airtel
300010404690,892550503000572706,Airtel
300010404691,892550503000572705,Airtel
300010404692,892550503000572703,Airtel
300010404693,892550503000572698,Airtel
300010404694,892550503000572697,Airtel
300010404695,892550503000572693,Airtel
300010404696,892550503000572687,Airtel
300010404698,892550503000572684,Airtel
300010404699,892550503000572683,Airtel
300010404700,892550503000572682,Airtel
300010404701,892550503000572681,Airtel
300010404702,892550503000572680,Airtel
300010404703,892550503000572679,Airtel
300010404710,892550503000572676,Airtel
300010404711,892550503000572675,Airtel
300010404712,892550503000572674,Airtel
300010404714,892550503000572669,Airtel
300010404717,892550503000572662,Airtel
300010404719,892550503000572660,Airtel
300010404720,892550503000572657,Airtel
300010404724,892550503000572645,Airtel
300010404726,892550503000572775,Airtel
300010404727,892550503000572643,Airtel
300010404728,892550503000572642,Airtel
300010404729,892550503000572641,Airtel
300010404730,892550503000572640,Airtel
300010404731,892550503000572639,Airtel
300010404733,892550503000572636,Airtel
300010404734,892550503000572635,Airtel
300010404735,892550503000572634,Airtel
300010404736,892550503000572631,Airtel
300010404737,892550503000572629,Airtel
300010404739,892550503000572623,Airtel
300010404740,892550503000572622,Airtel
300010404741,892550503000572620,Airtel
300010404742,892550503000572618,Airtel
300010404743,892550503000572617,Airtel
300010404744,892550503000572613,Airtel
300010404745,892550503000573089,Airtel
300010404746,892550503000572936,Airtel
300010404748,892550503000572925,Airtel
300010404749,892550503000572923,Airtel
300010404750,892550503000572920,Airtel
300010404751,892550503000572910,Airtel
300010404753,892550503000572611,Airtel
300010404754,892550503000572604,Airtel
300010404755,892550503000572602,Airtel
300010404756,892550503000572597,Airtel
300010404758,892550503000572594,Airtel
300010404761,892550503000572571,Airtel
300010404762,892550503000572524,Airtel
300010404764,892550503000572387,Airtel
300010404765,892550503000572370,Airtel
300010404767,892550503000572340,Airtel
300010404768,892550503000572339,Airtel
300010404770,892550503000572333,Airtel
300010404771,892550503000572331,Airtel
300010404772,892550503000572330,Airtel
300010404773,892550503000572329,Airtel
300010404774,892550503000572906,Airtel
300010404775,892550503000572866,Airtel
300010404776,892550503000572853,Airtel
300010404777,892550503000572824,Airtel
300010404778,892550503000572819,Airtel
300010404779,892550503000572815,Airtel
300010404780,892550503000572813,Airtel
300010404782,892550503000572772,Airtel
300010404783,892550503000572769,Airtel
300010404784,892550503000572767,Airtel
300010404785,892550503000572762,Airtel
300010404786,892550503000572759,Airtel
300010404787,892550503000572752,Airtel
300010404789,892550503000573087,Airtel
300010404790,892550503000573086,Airtel
300010404791,892550503000573085,Airtel
300010404792,892550503000572957,Airtel
300010404793,892550503000572955,Airtel
300010404794,892550503000572954,Airtel
300010404795,892550503000572953,Airtel
300010404796,892550503000572952,Airtel
300010404797,892550503000572950,Airtel
300010404798,892550503000572948,Airtel
300010404799,892550503000572945,Airtel
300010404800,892550503000572943,Airtel
300010404801,892550503000572942,Airtel
300010404802,892550503000572937,Airtel
300010404803,892550503000572933,Airtel
300010404806,892550503000572930,Airtel
300010404808,892550503000572926,Airtel
300010404809,892550503000572327,Airtel
300010404810,892550503000572326,Airtel
300010404811,892550503000572324,Airtel
300010404812,892550503000572323,Airtel
300010404813,892550503000572322,Airtel
300010404814,892550503000572320,Airtel
300010404816,892550503000572315,Airtel
300010404817,892550503000572312,Airtel
300010404818,892550503000572311,Airtel
300010404819,892550503000572309,Airtel
300010404820,892550503000572308,Airtel
300010404821,892550503000572307,Airtel
300010404822,892550503000572306,Airtel
300010404823,892550503000572305,Airtel
300010404824,892550503000572304,Airtel
300010404825,892550503000572302,Airtel
300010404826,892550503000572299,Airtel
300010404827,892550503000572298,Airtel
300010404828,892550503000572296,Airtel
300010404829,892550503000572747,Airtel
300010404830,892550503000572742,Airtel
300010404831,892550503000572741,Airtel
300010404832,892550503000572714,Airtel
300010404833,892550503000572702,Airtel
300010404835,892550503000572692,Airtel
300010404836,892550503000572689,Airtel
300010404839,892550503000572663,Airtel
300010404840,892550503000572650,Airtel
300010404841,892550503000572647,Airtel
300010404842,892550503000572744,Airtel
300010404843,892550503000572924,Airtel
300010404844,892550503000572922,Airtel
300010404845,892550503000572918,Airtel
300010404846,892550503000572917,Airtel
300010404847,892550503000572915,Airtel
300010404848,892550503000572914,Airtel
300010404851,892550503000572908,Airtel
300010404852,892550503000572902,Airtel
300010404853,892550503000572899,Airtel
300010404856,892550503000572894,Airtel
300010404857,892550503000572893,Airtel
300010404858,892550503000572891,Airtel
300010404859,892550503000572890,Airtel
300010404860,892550503000572887,Airtel
300010404862,892550503000572293,Airtel
300010404863,892550503000572291,Airtel
300010404865,892550503000572284,Airtel
300010404866,892550503000572276,Airtel
300010404867,892550503000572275,Airtel
300010404868,892550503000572274,Airtel
300010404870,892550503000572267,Airtel
300010404871,892550503000572266,Airtel
300010404872,892550503000572265,Airtel
300010404873,892550503000572262,Airtel
300010404874,892550503000572256,Airtel
300010404875,892550503000572255,Airtel
300010404876,892550503000572251,Airtel
300010404877,892550503000572632,Airtel
300010404878,892550503000572616,Airtel
300010404879,892550503000572598,Airtel
300010404880,892550503000572596,Airtel
300010404881,892550503000572583,Airtel
300010404882,892550503000572546,Airtel
300010404883,892550503000572502,Airtel
300010404884,892550503000572380,Airtel
300010404885,892550503000572338,Airtel
300010404886,892550503000572334,Airtel
300010404887,892550503000572303,Airtel
300010404888,892550503000572301,Airtel
300010404889,892550503000572300,Airtel
300010404890,892550503000572288,Airtel
300010404892,892550503000572272,Airtel
300010404893,892550503000572885,Airtel
300010404894,892550503000572884,Airtel
300010404895,892550503000572883,Airtel
300010404896,892550503000572881,Airtel
300010404897,892550503000572880,Airtel
300010404898,892550503000572879,Airtel
300010404899,892550503000572878,Airtel
300010404901,892550503000572876,Airtel
300010404902,892550503000572875,Airtel
300010404903,892550503000572873,Airtel
300010404904,892550503000572872,Airtel
300010404905,892550503000572871,Airtel
300010404906,892550503000572869,Airtel
300010404907,892550503000572868,Airtel
300010404909,892550503000572864,Airtel
300010404910,892550503000572863,Airtel
300010404911,892550503000572862,Airtel
300010404912,892550503000572861,Airtel
300010404914,892550503000572857,Airtel
300010404916,892550503000572248,Airtel
300010404917,892550503000572246,Airtel
300010404919,892550503000573562,Airtel
300010404920,892550503000573551,Airtel
300010404922,892550503000572253,Airtel
300010404923,892550503000572249,Airtel
300010404927,892550503000572901,Airtel
300010404928,892550503000572803,Airtel
300010404929,892550503000572798,Airtel
300010404930,892550503000572792,Airtel
300010404931,892550503000572740,Airtel
300010404932,892550503000573082,Airtel
300010404933,892550503000573077,Airtel
300010404934,892550503000573072,Airtel
300010404935,892550503000573066,Airtel
300010404936,892550503000572735,Airtel
300010404937,892550503000572699,Airtel
300010404938,892550503000572646,Airtel
300010404939,892550503000572608,Airtel
300010404941,892550503000572495,Airtel
300010404943,892550503000572310,Airtel
300010404944,892550503000572277,Airtel
300010404945,892550503000572269,Airtel
300010404946,892550503000573051,Airtel
300010404947,892550503000573049,Airtel
300010404948,892550503000573047,Airtel
300010404949,892550503000573036,Airtel
300010404951,892550503000573028,Airtel
300010404952,892550503000573025,Airtel
300010404953,892550503000573006,Airtel
300010404954,892550503000572998,Airtel
300010404955,892550503000572992,Airtel
300010404956,892550503000572979,Airtel
300010404957,892550503000572962,Airtel
300010404958,892550503000573570,Airtel
300010404962,892550503000573063,Airtel
300010404965,892550503000573052,Airtel
300010404967,892550503000573000,Airtel
300010404968,892550503000572745,Airtel
300010404969,892550503000572712,Airtel
300010404970,892550503000572711,Airtel
300010404971,892550503000573069,Airtel
300010404972,892550503000573062,Airtel
300010404973,892550503000573060,Airtel
300010404974,892550503000573058,Airtel
300010404975,892550503000573057,Airtel
300010404976,892550503000573056,Airtel
300010404977,892550503000573045,Airtel
300010404978,892550503000573044,Airtel
300010404979,892550503000573024,Airtel
300010404980,892550503000573022,Airtel
300010404981,892550503000573017,Airtel
300010404982,892550503000572975,Airtel
300010404983,892550503000572297,Airtel
300010404984,892550503000572280,Airtel
300010404986,892550503000572278,Airtel
300010404987,892550503000572263,Airtel
300010404988,892550503000572261,Airtel
300010404989,892550503000572260,Airtel
300010404991,892550503000572252,Airtel
300010404993,892550503000572968,Airtel
300010404994,892550503000572965,Airtel
300010404995,892550503000572951,Airtel
300010404996,892550503000572947,Airtel
300010404997,892550503000572946,Airtel
300010404999,892550503000572935,Airtel
300010405000,892550503000572903,Airtel
300010405004,892550503000572828,Airtel
300010405006,892550503000572781,Airtel
300010405007,892550503000572805,Airtel
300010405008,892550503000572743,Airtel
300010405009,892550503000572738,Airtel
300010405013,892550503000572287,Airtel
300010405014,892550503000573582,Airtel
300010405015,892550503000573576,Airtel
300010405016,892550503000573533,Airtel
300010405017,892550503000573532,Airtel
300010405019,892550503000573502,Airtel
300010405020,892550503000573499,Airtel
300010405021,892550503000573482,Airtel
300010405022,892550503000573481,Airtel
300010405023,892550503000573459,Airtel
300010405024,892550503000573454,Airtel
300010405025,892550503000573446,Airtel
300010405030,892550503000573393,Airtel
300010405033,892550503000573371,Airtel
300010405038,892550503000573523,Airtel
300010405039,892550503000573509,Airtel
300010405041,892550503000572731,Airtel
300010405042,892550503000572673,Airtel
300010405043,892550503000572659,Airtel
300010405044,892550503000572625,Airtel
300010405045,892550503000572619,Airtel
300010405046,892550503000572610,Airtel
300010405047,892550503000572609,Airtel
300010405048,892550503000572587,Airtel
300010405049,892550503000572516,Airtel
300010405050,892550503000572555,Airtel
300010405052,892550503000572579,Airtel
300010405053,892550503000572550,Airtel
300010405055,892550503000572353,Airtel
300010405056,892550503000572512,Airtel
300010405057,892550503000572494,Airtel
300010405058,892550503000572573,Airtel
300010405059,892550503000572522,Airtel
300010405060,892550503000572532,Airtel
300010405062,892550503000572556,Airtel
300010405063,892550503000572547,Airtel
300010405064,892550503000572477,Airtel
300010405065,892550503000572474,Airtel
300010405066,892550503000572462,Airtel
300010405067,892550503000572456,Airtel
300010405068,892550503000572451,Airtel
300010405069,892550503000572443,Airtel
300010405070,892550503000572434,Airtel
300010405071,892550503000572424,Airtel
300010405072,892550503000572417,Airtel
300010405073,892550503000572409,Airtel
300010405074,892550503000572396,Airtel
300010405075,892550503000572384,Airtel
300010405076,892550503000572377,Airtel
300010405077,892550503000572372,Airtel
300010405078,892550503000572367,Airtel
300010405079,892550503000572351,Airtel
300010405080,892550503000572517,Airtel
300010405082,892550503000572545,Airtel
300010405083,892550503000572584,Airtel
300010405084,892550503000572582,Airtel
300010405085,892550503000572565,Airtel
300010405086,892550503000572518,Airtel
300010405087,892550503000572508,Airtel
300010405088,892550503000572478,Airtel
300010405089,892550503000572472,Airtel
300010405091,892550503000572465,Airtel
300010405093,892550503000572454,Airtel
300010405094,892550503000572450,Airtel
300010405095,892550503000572446,Airtel
300010405096,892550503000572442,Airtel
300010405097,892550503000572378,Airtel
300010405098,892550503000572551,Airtel
300010405099,892550503000572540,Airtel
300010405100,892550503000572498,Airtel
300010405101,892550503000572570,Airtel
300010405103,892550503000572552,Airtel
300010405104,892550503000572510,Airtel
300010405105,892550503000572538,Airtel
300010405106,892550503000572431,Airtel
300010405107,892550503000572414,Airtel
300010405108,892550503000572352,Airtel
300010405109,892550503000572537,Airtel
300010405110,892550503000572535,Airtel
300010405111,892550503000572513,Airtel
300010405112,892550503000572526,Airtel
300010405113,892550503000572566,Airtel
300010405114,892550503000572386,Airtel
300010405115,892550503000572363,Airtel
300010405116,892550503000572422,Airtel
300010405117,892550503000572421,Airtel
300010405118,892550503000572419,Airtel
300010405119,892550503000572411,Airtel
300010405120,892550503000572407,Airtel
300010405121,892550503000572403,Airtel
300010405122,892550503000572398,Airtel
300010405123,892550503000572385,Airtel
300010405124,892550503000572349,Airtel
300010405125,892550503000572348,Airtel
300010405126,892550503000572342,Airtel
300010405128,892550503000572544,Airtel
300010405129,892550503000572543,Airtel
300010405130,892550503000572507,Airtel
300010405131,892550503000572473,Airtel
300010405132,892550503000572470,Airtel
300010405136,892550503000572420,Airtel
300010405137,892550503000572415,Airtel
300010405138,892550503000572406,Airtel
300010405139,892550503000572402,Airtel
300010405140,892550503000572381,Airtel
300010405141,892550503000572379,Airtel
300010405143,892550503000572344,Airtel
300010405144,892550503000572343,Airtel
300010405145,892550503000572585,Airtel
300010405146,892550503000572567,Airtel
300010405147,892550503000572536,Airtel
300010405148,892550503000572521,Airtel
300010405149,892550503000572511,Airtel
300010405150,892550503000572493,Airtel
300010405151,892550503000572457,Airtel
300010405152,892550503000572438,Airtel
300010405154,892550503000572560,Airtel
300010405155,892550503000572489,Airtel
300010405156,892550503000572466,Airtel
300010405157,892550503000572455,Airtel
300010405158,892550503000572447,Airtel
300010405159,892550503000572435,Airtel
300010405161,892550503000572393,Airtel
300010405164,892550503000572368,Airtel
300010405165,892550503000572361,Airtel
300010405166,892550503000572586,Airtel
300010405167,892550503000572365,Airtel
300010405168,892550503000572360,Airtel
300010405170,892550503000572564,Airtel
300010405171,892550503000572514,Airtel
300010405172,892550503000572562,Airtel
300010405173,892550503000572358,Airtel
300010405174,892550503000572485,Airtel
300010405175,892550503000572534,Airtel
300010405176,892550503000572505,Airtel
300010405177,892550503000572504,Airtel
300010405178,892550503000572539,Airtel
300010405179,892550503000572531,Airtel
300010405181,892550503000572529,Airtel
300010405183,892550503000572471,Airtel
300010405184,892550503000572589,Airtel
300010405185,892550503000572577,Airtel
300010405186,892550503000572527,Airtel
300010405188,892550503000572439,Airtel
300010405189,892550503000572433,Airtel
300010405191,892550503000572364,Airtel
300010405192,892550503000572356,Airtel
300010405193,892550503000572354,Airtel
300010405194,892550503000572483,Airtel
300010405195,892550503000572475,Airtel
300010405196,892550503000572468,Airtel
300010405197,892550503000572441,Airtel
300010405198,892550503000572440,Airtel
300010405199,892550503000572401,Airtel
300010405200,892550503000572347,Airtel
300010405201,892550503000572497,Airtel
300010405202,892550503000572491,Airtel
300010405203,892550503000572426,Airtel
300010405205,892550503000572561,Airtel
300010405208,892550503000572487,Airtel
300010405209,892550503000572464,Airtel
300010405210,892550503000572461,Airtel
300010405212,892550503000572591,Airtel
300010405213,892550503000572581,Airtel
300010405214,892550503000572548,Airtel
300010405215,892550503000572509,Airtel
300010405216,892550503000572506,Airtel
300010405217,892550503000572432,Airtel
300010405218,892550503000572428,Airtel
300010405220,892550503000572416,Airtel
300010405221,892550503000572404,Airtel
300010405224,892550503000572575,Airtel
300010405225,892550503000572484,Airtel
300010405226,892550503000572541,Airtel
300010405228,892550503000572366,Airtel
300010405229,892550503000572480,Airtel
300010405230,892550503000572499,Airtel
300010405231,892550503000572389,Airtel
300010405233,892550503000572369,Airtel
300010405235,892550503000572515,Airtel
300010405237,892550503000572376,Airtel
300010405238,892550503000572549,Airtel
300010405239,892550503000572525,Airtel
300010405240,892550503000572486,Airtel
300010405242,892550503000572482,Airtel
300010405243,892550503000572578,Airtel
300010405244,892550503000572574,Airtel
300010405245,892550503000572572,Airtel
300010405246,892550503000572563,Airtel
300010405247,892550503000572559,Airtel
300010405248,892550503000572557,Airtel
300010405249,892550503000572553,Airtel
300010405251,892550503000572476,Airtel
300010405252,892550503000572467,Airtel
300010405253,892550503000572460,Airtel
300010405257,892550503000572449,Airtel
300010405258,892550503000572445,Airtel
300010405259,892550503000572444,Airtel
300010405260,892550503000572437,Airtel
300010405262,892550503000572430,Airtel
300010405263,892550503000572429,Airtel
300010405265,892550503000572413,Airtel
300010405266,892550503000572412,Airtel
300010405267,892550503000572410,Airtel
300010405268,892550503000572408,Airtel
300010405269,892550503000572405,Airtel
300010405270,892550503000572399,Airtel
300010405271,892550503000572397,Airtel
300010405272,892550503000572395,Airtel
300010405274,892550503000572388,Airtel
300010405276,892550503000572355,Airtel
300010405278,892550503000572519,Airtel
300010405279,892550503000572481,Airtel
300010405281,892550503000572362,Airtel
300010405282,892550503000572488,Airtel
300010405283,892550503000572576,Airtel
300010405284,892550503000572359,Airtel
300010405286,892550503000573241,Airtel
300010405289,892550503000573218,Airtel
300010405292,892550503000573210,Airtel
300010405303,892550503000573137,Airtel
300010405314,892550503000573156,Airtel
300010405315,892550503000573153,Airtel
300010405316,892550503000573136,Airtel
300010405324,892550503000573125,Airtel
300010405329,892550503000573112,Airtel
300010405335,892550503000573096,Airtel
300010405340,892550503000573295,Airtel
300010405346,892550503000573285,Airtel
300010405356,892550503000573223,Airtel
300010405363,892550503000573281,Airtel
300010405394,892550503000573184,Airtel
300010405402,892550503000573331,Airtel
300010405404,892550503000573341,Airtel
300010405406,892550503000573335,Airtel
300010405407,892550503000573333,Airtel
300010405419,892550503000573317,Airtel
300010405453,892550503000573133,Airtel
300010405455,892550503000573221,Airtel
300010405462,892550503000573329,Airtel
300010405463,892550503000573326,Airtel
300010405464,892550503000573323,Airtel
300010405465,892550503000573259,Airtel
300010405491,892550503000573309,Airtel
300010405512,892550503000573268,Airtel
300010405519,892550503000573246,Airtel
300010405526,892550503000572219,Airtel
300010405527,892550503000572217,Airtel
300010405529,892550503000572210,Airtel
300010405530,892550503000572209,Airtel
300010405532,892550503000572194,Airtel
300010405533,892550503000572188,Airtel
300010405534,892550503000572186,Airtel
300010405535,892550503000572184,Airtel
300010405536,892550503000572181,Airtel
300010405538,892550503000572176,Airtel
300010405540,892550503000572169,Airtel
300010405541,892550503000572167,Airtel
300010405543,892550503000572160,Airtel
300010405544,892550503000572158,Airtel
300010405545,892550503000572146,Airtel
300010405546,892550503000572144,Airtel
300010405548,892550503000572133,Airtel
300010405549,892550503000572121,Airtel
300010405550,892550503000572120,Airtel
300010405552,892550503000572115,Airtel
300010405553,892550503000572113,Airtel
300010405554,892550503000572112,Airtel
300010405556,892550503000572103,Airtel
300010405558,892550503000572099,Airtel
300010405559,892550503000572098,Airtel
300010405560,892550503000572092,Airtel
300010405564,892550503000572232,Airtel
300010405565,892550503000572229,Airtel
300010405566,892550503000572231,Airtel
300010405567,892550503000572225,Airtel
300010405568,892550503000572222,Airtel
300010405569,892550503000572218,Airtel
300010405570,892550503000572214,Airtel
300010405572,892550503000572202,Airtel
300010405573,892550503000572201,Airtel
300010405574,892550503000572200,Airtel
300010405575,892550503000572191,Airtel
300010405577,892550503000572182,Airtel
300010405578,892550503000572177,Airtel
300010405579,892550503000572174,Airtel
300010405581,892550503000572165,Airtel
300010405582,892550503000572157,Airtel
300010405583,892550503000572155,Airtel
300010405584,892550503000572153,Airtel
300010405585,892550503000572152,Airtel
300010405587,892550503000572150,Airtel
300010405588,892550503000572142,Airtel
300010405590,892550503000572136,Airtel
300010405591,892550503000572134,Airtel
300010405596,892550503000572224,Airtel
300010405597,892550503000572221,Airtel
300010405598,892550503000572206,Airtel
300010405599,892550503000572197,Airtel
300010405602,892550503000572145,Airtel
300010405604,892550503000572116,Airtel
300010405605,892550503000572110,Airtel
300010405606,892550503000572104,Airtel
300010405607,892550503000572093,Airtel
300010405608,892550503000572140,Airtel
300010405609,892550503000572241,Airtel
300010405610,892550503000572240,Airtel
300010405614,892550503000572216,Airtel
300010405618,892550503000572148,Airtel
300010405620,892550503000572130,Airtel
300010405622,892550503000572109,Airtel
300010405623,892550503000572097,Airtel
300010405624,892550503000572096,Airtel
300010405626,892550503000572212,Airtel
300010405629,892550503000572204,Airtel
300010405630,892550503000572196,Airtel
300010405631,892550503000572195,Airtel
300010405632,892550503000572190,Airtel
300010405633,892550503000572189,Airtel
300010405634,892550503000572185,Airtel
300010405635,892550503000572180,Airtel
300010405636,892550503000572178,Airtel
300010405639,892550503000572163,Airtel
300010405640,892550503000572162,Airtel
300010405641,892550503000572161,Airtel
300010405643,892550503000572094,Airtel
300010405644,892550503000572156,Airtel
300010405646,892550503000572143,Airtel
300010405647,892550503000572135,Airtel
300010405648,892550503000572131,Airtel
300010405651,892550503000572125,Airtel
300010405652,892550503000572123,Airtel
300010405658,892550503000572132,Airtel
300010405661,892550503000572122,Airtel
300010405662,892550503000572203,Airtel
300010405672,892550503000572230,Airtel
300010411628,892550506078855545,Airtel
300010411631,892550506078855546,Airtel
300010411634,892550506078855547,Airtel
300010411635,892550506078855548,Airtel
300010411639,892550506078855549,Airtel
300010411640,892550506078855550,Airtel
300010411644,892550506078855551,Airtel
300010411646,892550506078855553,Airtel
300010411648,892550506078855554,Airtel
300010411651,892550506078855557,Airtel
300010411661,892550506078855566,Airtel
300010411666,892550506078855571,Airtel
300010411668,892550506078855573,Airtel
300010411669,892550506078855574,Airtel
300010411679,892550506078855582,Airtel
300010411688,892550506078855583,Airtel
300010411693,892550506078855584,Airtel
300010411696,892550506078855585,Airtel
300010411697,892550506078855586,Airtel
300010411699,892550506078855587,Airtel
300010411703,892550506078855588,Airtel
300010411720,892550506078855591,Airtel
300010411722,892550506078855552,Airtel
300010411727,892550506078855555,Airtel
300010411732,892550506078855556,Airtel
300010411734,892550506078855559,Airtel
300010411739,892550506078855560,Airtel
300010411745,892550506078855562,Airtel
300010411749,892550506078855564,Airtel
300010411751,892550506078855565,Airtel
300010411753,892550506078855567,Airtel
300010411754,892550506078855568,Airtel
300010411760,892550506078855570,Airtel
300010411761,892550506078855572,Airtel
300010411765,892550506078855576,Airtel
300010411768,892550506078855577,Airtel
300010411772,892550506078855578,Airtel
300010411773,892550506078855579,Airtel
300010411775,892550506078855580,Airtel
300010411777,892550506078855581,Airtel
300010411778,892550506078855589,Airtel
300010411779,892550506078855590,Airtel
300010411780,892550506078855592,Airtel
